name;region;population;lat;lon
Москва;Москва;13010112;55.7540584;37.62049
Санкт-Петербург;Санкт-Петербург;5601911;59.9390012;30.3158184
г. Новосибирск;Новосибирская область;1633595;55.030187;82.920426
г. Екатеринбург;Свердловская область;1544376;56.8387061;60.6054943
г. Казань;Республика Татарстан;1308660;55.7944326;49.1115164
г. Нижний Новгород;Нижегородская область;1226076;56.326794;44.006495
г. Челябинск;Челябинская область;1189525;55.1602292;61.4007614
г. Красноярск;Красноярский край;1187771;56.0095312;92.8525234
г. Самара;Самарская область;1173299;53.1951774;50.1069625
г. Уфа;Республика Башкортостан;1144809;54.734856;55.9577802
г. Ростов-на-Дону;Ростовская область;1142162;47.2180329;39.6902714
г. Омск;Омская область;1125695;54.9849581;73.3675684
г. Краснодар;Краснодарский край;1099344;45.035453;38.975301
г. Воронеж;Воронежская область;1057681;51.6593943;39.196922
г. Пермь;Пермский край;1034002;58.0102668;56.2342725
г. Волгоград;Волгоградская область;1028036;48.7071653;44.5170212
г. Саратов;Саратовская область;901361;51.533557;46.034257
г. Тюмень;Тюменская область;847488;57.1531178;65.5343535
г. Тольятти;Самарская область;684709;53.5205003;49.3895011
г. Барнаул;Алтайский край;630877;53.3479774;83.7798977
г. Ижевск;Удмуртская Республика;623472;56.8528384;53.211509
г. Махачкала;Республика Дагестан;623254;42.9849039;47.5045541
г. Хабаровск;Хабаровский край;617441;48.4648124;135.0598539
г. Ульяновск;Ульяновская область;617352;54.3079032;48.3748473
г. Иркутск;Иркутская область;617264;52.2863483;104.2806793
г. Владивосток;Приморский край;603519;43.1163208;131.8824988
г. Ярославль;Ярославская область;577279;57.6216293;39.8978921
г. Кемерово;Кемеровская область;557119;55.3910176;86.0469193
г. Томск;Томская область;556478;56.4846736;84.9482929
г. Набережные Челны;Республика Татарстан;548434;55.6948843;52.3279115
Севастополь;Севастополь;547820;44.6167087;33.5253617
г. Ставрополь;Ставропольский край;547443;45.0444563;41.9691349
г. Оренбург;Оренбургская область;543654;51.7875335;55.1017803
г. Новокузнецк;Кемеровская область;537480;53.7943459;87.2142908
г. Рязань;Рязанская область;528599;54.6255345;39.7359162
г. Балашиха;Московская область;520962;55.796991;37.938104
г. Пенза;Пензенская область;501109;53.1753947;45.0347408
г. Чебоксары;Чувашская Республика;497807;56.125485;47.377328
г. Липецк;Липецкая область;496403;52.6101389;39.5947287
г. Калининград;Калининградская область;490449;54.7074298;20.5073482
г. Астрахань;Астраханская область;475629;46.3656435;48.0559229
г. Тула;Тульская область;473622;54.1918898;37.6153644
г. Киров;Кировская область;468212;58.6034972;49.6680445
г. Сочи;Краснодарский край;466078;43.5855182;39.7229922
г. Курск;Курская область;440052;51.7303825;36.1925546
г. Улан-Удэ;Республика Бурятия;437565;51.8334492;107.584068
г. Тверь;Тверская область;416219;56.8586556;35.9118279
г. Магнитогорск;Челябинская область;410594;53.4072599;58.9791822
г. Сургут;Ханты-Мансийский автономный округ — Югра;396443;61.2541492;73.396236
г. Брянск;Брянская область;379152;53.2420053;34.3653002
г. Иваново;Ивановская область;361644;56.9994066;40.9729071
г. Якутск;Республика Саха (Якутия);355443;62.0280605;129.7324858
г. Владимир;Владимирская область;349951;56.1280444;40.4082983
г. Симферополь;Республика Крым;340540;44.9482789;34.1001275
г. Белгород;Белгородская область;339978;50.5975582;36.5858422
г. Нижний Тагил;Свердловская область;338966;57.9102289;59.9814188
г. Калуга;Калужская область;337058;54.506025;36.2516145
г. Чита;Забайкальский край;334427;52.0338828;113.499487
г. Грозный;Чеченская Республика;328533;43.3178923;45.6981421
г. Волжский;Волгоградская область;321479;48.7979775;44.7462572
город Смоленск;Смоленская область;316570;54.782635;32.045251
г. Подольск;Московская область;314934;55.4389616;37.5703052
г. Саранск;Республика Мордовия;314871;54.1808234;45.1863143
г. Вологда;Вологодская область;313944;59.220501;39.891523
г. Курган;Курганская область;310911;55.4443683;65.3162142
г. Череповец;Вологодская область;305185;59.1268743;37.9090556
г. Орёл;Орловская область;303169;52.9671928;36.0695725
г. Архангельск;Архангельская область;301199;64.53939;40.5170011
г. Владикавказ;Республика Северная Осетия — Алания;295830;43.020552;44.681905
г. Нижневартовск;Ханты-Мансийский автономный округ — Югра;283256;60.9397399;76.5695505
г. Йошкар-Ола;Республика Марий Эл;281248;56.6343266;47.8999167
г. Стерлитамак;Республика Башкортостан;277410;53.6302062;55.9317313
г. Мурманск;Мурманская область;270384;68.970663;33.074918
г. Кострома;Костромская область;267481;57.768;40.927
г. Новороссийск;Краснодарский край;262293;44.7234226;37.7686906
г. Тамбов;Тамбовская область;261803;52.7211576;41.4522156
г. Химки;Московская область;257128;55.8888467;37.430372
г. Мытищи;Московская область;255429;55.9104655;37.7363923
г. Нальчик;Кабардино-Балкарская Республика;247054;43.4846449;43.6070943
г. Таганрог;Ростовская область;245120;47.2096599;38.9352459
г. Нижнекамск;Республика Татарстан;241479;55.6312304;51.8144719
г. Благовещенск;Амурская область;241437;50.290659;127.527198
г. Комсомольск-на-Амуре;Хабаровский край;238505;50.5525092;136.9895507
г. Петрозаводск;Республика Карелия;234897;61.7889739;34.3596538
г. Королёв;Московская область;228095;55.9161885;37.854422
г. Шахты;Ростовская область;226452;47.7085649;40.2158665
г. Энгельс;Саратовская область;225428;51.4855068;46.1267008
г. Великий Новгород;Новгородская область;224286;58.5214164;31.2754186
г. Люберцы;Московская область;224195;55.676499;37.898125
г. Братск;Иркутская область;224071;56.1514087;101.6341027
г. Старый Оскол;Белгородская область;221676;51.297974;37.833231
город Ангарск;Иркутская область;221296;52.544898;103.8884509
г. Сыктывкар;Республика Коми;220580;61.6687212;50.8356788
г. Дзержинск;Нижегородская область;218630;56.2375332;43.4598979
г. Псков;Псковская область;193082;57.819825;28.3950685
г. Орск;Оренбургская область;189195;51.2292952;58.4752502
г. Красногорск;Московская область;187634;55.8318647;37.3294489
г. Армавир;Краснодарский край;187177;45.0011356;41.1324283
г. Абакан;Республика Хакасия;184769;53.7223055;91.4436926
г. Балаково;Саратовская область;184466;52.0222817;47.7827796
г. Бийск;Алтайский край;183852;52.5392784;85.213843
г. Южно-Сахалинск;Сахалинская область;181587;46.9667029;142.7212958
г. Одинцово;Московская область;180530;55.6790296;37.2635177
г. Уссурийск;Приморский край;180393;43.8048438;131.9367538
г. Прокопьевск;Кемеровская область;177819;53.8604228;86.7183302
г. Рыбинск;Ярославская область;177295;58.0484021;38.858475
г. Норильск;Красноярский край;174453;69.3489906;88.2009379
г. Волгодонск;Ростовская область;168048;47.5165757;42.1984573
г. Сызрань;Самарская область;165725;53.1557162;48.4744217
г. Петропавловск-Камчатский;Камчатский край;164900;53.0370074;158.65595
г. Каменск-Уральский;Свердловская область;164192;56.4148539;61.9188448
г. Новочеркасск;Ростовская область;163674;47.4118469;40.1040646
г. Альметьевск;Республика Татарстан;163512;54.9014385;52.297123
г. Златоуст;Челябинская область;161774;55.1714213;59.6726478
г. Северодвинск;Архангельская область;157213;64.5625626;39.8182183
г. Хасавюрт;Республика Дагестан;155144;43.2504341;46.5850867
г. Керчь;Республика Крым;154621;45.3561252;36.4673129
г. Домодедово;Московская область;152404;55.436403;37.7666001
г. Салават;Республика Башкортостан;148575;53.362823;55.9154367
г. Миасс;Челябинская область;147995;55.0552642;60.0791765
г. Копейск;Челябинская область;147806;55.1167381;61.6179305
г. Пятигорск;Ставропольский край;146473;44.041234;43.0660504
г. Электросталь;Московская область;146403;55.784633;38.444699
г. Майкоп;Республика Адыгея;143385;44.609792;40.1005698
г. Находка;Приморский край;139931;42.8111483;132.8844502
г. Березники;Пермский край;138069;59.4079119;56.8039179
г. Коломна;Московская область;134850;55.1026926;38.7530213
г. Щёлково;Московская область;134211;55.9233436;37.9783923
г. Серпухов;Московская область;133793;54.9226176;37.4033624
г. Ковров;Владимирская область;132417;56.3554229;41.3171096
г. Нефтекамск;Республика Башкортостан;131942;56.0883752;54.2482411
г. Кисловодск;Ставропольский край;127521;43.9052745;42.7167964
г. Батайск;Ростовская область;126988;47.1382139;39.750662
г. Рубцовск;Алтайский край;126834;51.5012963;81.2078042
г. Обнинск;Калужская область;125376;55.0944881;36.6121565
г. Кызыл;Республика Тыва;125241;51.7190588;94.4376984
г. Дербент;Республика Дагестан;124953;42.0590354;48.2908599
г. Нефтеюганск;Ханты-Мансийский автономный округ — Югра;124732;61.0881688;72.6163369
г. Назрань;Республика Ингушетия;122350;43.2256598;44.7646901
г. Каспийск;Республика Дагестан;121140;42.8916263;47.6366936
г. Долгопрудный;Московская область;120907;55.9385975;37.5100337
г. Новочебоксарск;Чувашская Республика;120375;56.1095538;47.4791596
г. Новомосковск;Тульская область;119697;54.010957;38.2915047
г. Ессентуки;Ставропольский край;119658;44.0444693;42.8589782
г. Невинномысск;Ставропольский край;117562;44.6226742;41.9476424
г. Октябрьский;Республика Башкортостан;115557;54.4814637;53.4654836
г. Раменское;Московская область;114537;55.5495378;38.2728835
г. Первоуральск;Свердловская область;114450;56.9080096;59.9429936
г. Михайловск;Ставропольский край;114133;45.1297467;42.0287477
г. Реутов;Московская область;113871;55.7582708;37.8618288
г. Черкесск;Карачаево-Черкесская Республика;113226;44.228353;42.048278
г. Жуковский;Московская область;111222;55.5999747;38.1224066
г. Димитровград;Ульяновская область;110968;54.2168413;49.6262388
г. Пушкино;Московская область;110868;56.0104754;37.847161
г. Артем;Приморский край;109556;43.3501868;132.1595835
г. Камышин;Волгоградская область;107927;50.0652955;45.384535
г. Евпатория;Республика Крым;107877;45.190629;33.367634
г. Муром;Владимирская область;107497;55.563153;42.0230298
г. Ханты-Мансийск;Ханты-Мансийский автономный округ — Югра;107473;61.0025598;69.0183366
г. Новый Уренгой;Ямало-Ненецкий автономный округ;107251;66.0839904;76.6810104
г. Северск;Томская область;106648;56.6032343;84.881027
г. Орехово-Зуево;Московская область;105745;55.8164825;38.9368137
г. Арзамас;Нижегородская область;104908;55.3946343;43.8408135
г. Ногинск;Московская область;103891;55.8760353;38.4231801
г. Новошахтинск;Ростовская область;103480;47.7576743;39.9364541
г. Бердск;Новосибирская область;102850;54.7582184;83.1071527
г. Элиста;Республика Калмыкия;102583;46.30821;44.2702746
г. Сергиев Посад;Московская область;101756;56.3063854;38.1502956
г. Видное;Московская область;101490;55.5517857;37.7062236
г. Ачинск;Красноярский край;100621;56.2537315;90.4793969
г. Тобольск;Тюменская область;100352;58.2017257;68.2538473
г. Ноябрьск;Ямало-Ненецкий автономный округ;100188;63.1920786;75.4454918
г. Елец;Липецкая область;99875;52.6152577;38.528899
г. Зеленодольск;Республика Татарстан;99137;55.8465861;48.500966
г. Новокуйбышевск;Самарская область;98306;53.0994719;49.9477255
г. Воткинск;Удмуртская Республика;97471;57.0518828;53.9874914
г. Железногорск;Курская область;97038;52.3379241;35.3517678
г. Междуреченск;Кемеровская область;96174;53.6865918;88.0702782
г. Воскресенск;Московская область;95495;55.3070155;38.7028385
г. Гатчина;Ленинградская область;94377;59.5651362;30.1281234
г. Серов;Свердловская область;94211;59.6047459;60.5752389
г. Саров;Нижегородская область;93357;54.922813;43.3447953
г. Ленинск-Кузнецкий;Кемеровская область;92244;54.6674801;86.1796673
г. Сарапул;Удмуртская Республика;91115;56.4616582;53.8036826
г. Магадан;Магаданская область;90757;59.5681947;150.8086939
г. Мичуринск;Тамбовская область;90451;52.8913406;40.5103713
г. Соликамск;Пермский край;89473;59.6483298;56.7710196
г. Мурино;Ленинградская область;89083;60.0448984;30.4573012
г. Чехов;Московская область;89025;55.1506335;37.4532854
г. Клин;Московская область;88511;56.3424345;36.7240443
г. Бузулук;Оренбургская область;88341;52.7881715;52.2623964
г. Глазов;Удмуртская Республика;87762;58.1359039;52.6634921
г. Канск;Красноярский край;86816;56.2050971;95.7051994
г. Великие Луки;Псковская область;86711;56.343703;30.515671
г. Каменск-Шахтинский;Ростовская область;86365;48.3204742;40.2689608
г. Губкин;Белгородская область;85225;51.2836227;37.5347995
г. Киселевск;Кемеровская область;83431;54.0383268;86.6605444
г. Ейск;Краснодарский край;82943;46.7114714;38.2764767
г. Ивантеевка;Московская область;82827;55.9741839;37.9208717
г. Лобня;Московская область;82764;56.0328978;37.4614808
г. Железногорск;Красноярский край;82723;56.2528775;93.532226
г. Азов;Ростовская область;81924;47.1122112;39.4233596
г. Анапа;Краснодарский край;81863;44.8948984;37.3162896
г. Бугульма;Республика Татарстан;81677;54.5364489;52.7894083
г. Московский;Москва;81309;55.597255;37.359448
г. Геленджик;Краснодарский край;80204;44.5631183;38.0791049
г. Ухта;Республика Коми;79899;63.5563841;53.7013827
г. Юрга;Кемеровская область;79693;55.7202352;84.8885927
г. Усть-Илимск;Иркутская область;79570;58.0189147;102.6855314
г. Всеволожск;Ленинградская область;79038;60.0190286;30.6456654
г. Новоуральск;Свердловская область;78479;57.2472236;60.0955422
г. Кузнецк;Пензенская область;78390;53.1130584;46.6052642
г. Бор;Нижегородская область;78372;56.3565886;44.0645547
г. Кинешма;Ивановская область;77694;57.442535;42.1689258
г. Озерск;Челябинская область;76896;55.7632143;60.7076521
г. Новотроицк;Оренбургская область;75960;51.1963401;58.3017089
г. Кропоткин;Краснодарский край;75858;45.4332835;40.5728945
г. Чайковский;Пермский край;75837;56.7780683;54.1477844
г. Черногорск;Республика Хакасия;75745;53.8258374;91.3259463
г. Усолье-Сибирское;Иркутская область;74762;52.7566823;103.6387415
г. Ялта;Республика Крым;74652;44.4952969;34.1663516
г. Дубна;Московская область;74183;56.7416155;37.1756531
г. Балашов;Саратовская область;74057;51.5388261;43.1839668
посёлок Коммунарка;Москва;73735;55.570388;37.475469
г. Елабуга;Республика Татарстан;73630;55.7566788;52.0545017
г. Новоалтайск;Алтайский край;73049;53.4120027;83.9309813
г. Выборг;Ленинградская область;72530;60.7129589;28.7328799
г. Егорьевск;Московская область;71686;55.3831202;39.0358883
г. Верхняя Пышма;Свердловская область;71335;56.9758868;60.5649684
г. Наро-Фоминск;Московская область;71121;55.386185;36.734484
г. Минеральные Воды;Ставропольский край;70485;44.2087295;43.1383447
г. Троицк;Челябинская область;70301;54.0843322;61.5587093
г. Чапаевск;Самарская область;70228;52.929023;49.8673246
г. Минусинск;Красноярский край;70089;53.7104585;91.6871667
г. Биробиджан;Еврейская автономная область;70064;48.7946217;132.9217228
г. Шадринск;Курганская область;68609;56.0871041;63.6297172
г. Белово;Кемеровская область;68542;54.4221568;86.3037406
г. Туймазы;Республика Башкортостан;68349;54.5999395;53.6950191
г. Сертолово;Ленинградская область;68241;60.1446697;30.209571
г. Буйнакск;Республика Дагестан;68121;42.8213541;47.116407
г. Ишим;Тюменская область;67614;56.1104734;69.4797226
г. Кирово-Чепецк;Кировская область;66651;58.5560037;50.0317344
г. Анжеро-Судженск;Кемеровская область;66583;56.0787454;86.0200409
г. Феодосия;Республика Крым;66293;45.0320187;35.382384
г. Дмитров;Московская область;65574;56.3476745;37.5266195
г. Сосновый Бор;Ленинградская область;65367;59.904224;29.092209
г. Горно-Алтайск;Республика Алтай;65342;51.9581885;85.9603499
г. Лыткарино;Московская область;65212;55.5778267;37.9034779
г. Павловский Посад;Московская область;65098;55.780723;38.6596371
г. Троицк;Москва;65043;55.4844981;37.3067485
г. Белорецк;Республика Башкортостан;64525;53.967626;58.4100433
г. Ступино;Московская область;64412;54.886274;38.078228
г. Гудермес;Чеченская Республика;64376;43.3518339;46.1034832
г. Ишимбай;Республика Башкортостан;64041;53.4545688;56.0440089
г. Донской;Тульская область;63837;53.9678617;38.3372254
г. Котельники;Московская область;63728;55.6599375;37.8631583
г. Кстово;Нижегородская область;63646;56.1432079;44.1663972
г. Урус-Мартан;Чеченская Республика;63449;43.120175;45.539276
г. Георгиевск;Ставропольский край;63221;44.14794;43.474254
г. Клинцы;Брянская область;63059;52.752875;32.2337792
г. Нягань;Ханты-Мансийский автономный округ — Югра;63034;62.1454886;65.3945936
г. Славянск-на-Кубани;Краснодарский край;62985;45.2604694;38.1259659
г. Кунгур;Пермский край;62673;57.4284056;56.9438416
город Сунжа;Республика Ингушетия;62078;43.3203629;45.0477848
г. Туапсе;Краснодарский край;61571;44.1104007;39.0825379
г. Когалым;Ханты-Мансийский автономный округ — Югра;61441;62.2639797;74.482946
г. Белогорск;Амурская область;61440;50.921219;128.4737866
г. Лениногорск;Республика Татарстан;60993;54.5966119;52.4433347
город Россошь;Воронежская область;60879;50.1701985;39.6226453
г. Алексин;Тульская область;60842;54.5084968;37.0478364
г. Кудрово;Ленинградская область;60791;59.9076688;30.5119611
г. Борисоглебск;Воронежская область;60687;51.3654207;42.1009542
г. Фрязино;Московская область;60580;55.9589291;38.0409827
г. Гуково;Ростовская область;60361;48.0450292;39.9485638
г. Ревда;Свердловская область;60200;56.7987642;59.9071644
г. Прохладный;Кабардино-Балкарская Республика;59938;43.7590107;44.010051
г. Березовский;Свердловская область;59698;56.9136462;60.7852371
г. Белебей;Республика Башкортостан;59195;54.1034535;54.1112181
г. Чистополь;Республика Татарстан;58815;55.3699331;50.6285823
г. Заречный;Пензенская область;58510;53.1961885;45.1691136
г. Будённовск;Ставропольский край;58103;44.781467;44.164948
г. Кумертау;Республика Башкортостан;57949;52.756471;55.7970469
г. Сальск;Ростовская область;57937;46.475234;41.541039
г. Дзержинский;Московская область;57918;55.6241057;37.8441593
г. Лабинск;Краснодарский край;57428;44.6354147;40.7244209
г. Асбест;Свердловская область;57317;57.0052534;61.4581769
г. Искитим;Новосибирская область;57147;54.626704;83.2949994
г. Павлово;Нижегородская область;57116;55.965103;43.064848
г. Александров;Владимирская область;57053;56.3918756;38.7110582
г. Воркута;Республика Коми;56985;67.497434;64.0611813
г. Щербинка;Москва;56531;55.50868;37.5633253
г. Сибай;Республика Башкортостан;56514;52.7204622;58.6663921
г. Мелеуз;Республика Башкортостан;56505;52.9589874;55.9282514
г. Котлас;Архангельская область;56093;61.2528975;46.6332216
г. Михайловка;Волгоградская область;56031;50.0708708;43.2401092
г. Избербаш;Республика Дагестан;55996;42.5652081;47.8710684
г. Краснотурьинск;Свердловская область;55875;59.7638319;60.1935754
г. Белореченск;Краснодарский край;55870;44.7652692;39.8781164
г. Ржев;Тверская область;55757;56.2629154;34.3290948
г. Лесосибирск;Красноярский край;55730;58.2216981;92.503692
г. Тихорецк;Краснодарский край;55686;45.8546923;40.1258776
г. Тихвин;Ленинградская область;55415;59.644619;33.54193
г. Шуя;Ивановская область;55225;56.8507513;41.3516168
г. Полевской;Свердловская область;55182;56.4958618;60.2366252
г. Щекино;Тульская область;55109;54.0021718;37.5177177
г. Шали;Чеченская Республика;55054;43.1487442;45.9010465
г. Вольск;Саратовская область;55035;52.0459603;47.3873
г. Крымск;Краснодарский край;54597;44.9343723;37.9854857
пгт Яблоновский;Республика Адыгея;54291;44.981266;38.936362
г. Зеленогорск;Красноярский край;54279;56.1133542;94.5889359
г. Лиски;Воронежская область;54147;50.9945381;39.5183454
г. Черемхово;Иркутская область;53958;53.1233358;103.1574108
г. Лысьва;Пермский край;53855;58.0996742;57.8087369
г. Нерюнгри;Республика Саха (Якутия);53409;56.6599502;124.7201885
г. Волжск;Республика Марий Эл;53013;55.8623164;48.3715777
г. Мегион;Ханты-Мансийский автономный округ — Югра;52887;61.0318864;76.102504
г. Вязьма;Смоленская область;51950;55.2116645;34.2952096
г. Тимашевск;Краснодарский край;51858;45.6158949;38.9351457
г. Гусь-Хрустальный;Владимирская область;51552;55.6199041;40.6578219
г. Краснокаменск;Забайкальский край;51137;50.09868;118.034118
г. Кириши;Ленинградская область;51028;59.449699;32.008705
пгт Нахабино рп;Московская область;50916;55.840381;37.175899
г. Снежинск;Челябинская область;50619;56.0852853;60.73251
г. Жигулевск;Самарская область;50466;53.4012735;49.4944877
г. Кизляр;Республика Дагестан;49999;43.8484072;46.7232534
г. Кингисепп;Ленинградская область;49716;59.3741261;28.611223
г. Апатиты;Мурманская область;49647;67.567731;33.4067789
г. Узловая;Тульская область;49427;53.9731953;38.1764288
г. Краснокамск;Пермский край;48778;58.0820673;55.7478889
г. Балахна;Нижегородская область;48569;56.4950365;43.575846
г. Свободный;Амурская область;48517;51.3612532;128.122028
г. Солнечногорск;Московская область;48413;56.185102;36.977631
г. Аксай;Ростовская область;48372;47.2675888;39.8755792
г. Лесной;Свердловская область;48261;58.6349153;59.7980136
г. Арсеньев;Приморский край;47937;44.1621626;133.2696658
г. Салехард;Ямало-Ненецкий автономный округ;47910;66.5493706;66.6084227
г. Боровичи;Новгородская область;47883;58.3840076;33.9176708
г. Рассказово;Тамбовская область;47644;52.6538108;41.8743764
г. Курганинск;Краснодарский край;47305;44.8877061;40.5914627
г. Отрадный;Самарская область;46984;53.380127;51.3440385
г. Донецк;Ростовская область;46623;48.3350869;39.9459603
г. Надым;Ямало-Ненецкий автономный округ;45973;65.528146;72.514417
г. Кашира;Московская область;45922;54.8532793;38.1904181
г. Вышний Волочек;Тверская область;45830;57.5684471;34.5404365
г. Чусовой;Пермский край;45471;58.2975271;57.8193629
г. Рославль;Смоленская область;45416;53.9449217;32.847942
г. Назарово;Красноярский край;45333;56.0115024;90.4169443
г. Выкса;Нижегородская область;45240;55.3206313;42.1679983
г. Саяногорск;Республика Хакасия;44872;53.1007127;91.4122756
г. Чебаркуль;Челябинская область;44693;54.9818594;60.3774264
г. Канаш;Чувашская Республика;44354;55.5068806;47.4917914
г. Можга;Удмуртская Республика;44345;56.4427514;52.2137584
г. Бирск;Республика Башкортостан;44295;55.4156358;55.5583061
г. Березовский;Кемеровская область;44073;55.6693866;86.2745058
г. Грязи;Липецкая область;43908;52.4872943;39.9331152
г. Краснознаменск;Московская область;43868;55.5978331;37.039529
г. Бугуруслан;Оренбургская область;43593;53.6522761;52.4326104
г. Радужный;Ханты-Мансийский автономный округ — Югра;43577;62.1342204;77.458477
г. Ливны;Орловская область;43549;52.4286428;37.6040201
г. Североморск;Мурманская область;43327;69.07651;33.4178343
г. Карабулак;Республика Ингушетия;43037;43.3055756;44.9095113
г. Рузаевка;Республика Мордовия;42989;54.0582232;44.949083
г. Лангепас;Ханты-Мансийский автономный округ — Югра;42701;61.2537123;75.1806961
г. Сатка;Челябинская область;42597;55.0404006;59.0288229
г. Шелехов;Иркутская область;41998;52.2101358;104.0973332
г. Куйбышев;Новосибирская область;41946;55.445949;78.311108
г. Малоярославец;Калужская область;41836;55.0177696;36.4633694
г. Кореновск;Краснодарский край;41826;45.4642106;39.4589751
г. Большой Камень;Приморский край;41825;43.1111521;132.3479458
станица Каневская;Краснодарский край;41721;46.0847521;38.9719273
г. Аргун;Чеченская Республика;41622;43.2917917;45.8722923
г. Темрюк;Краснодарский край;41608;45.2610243;37.4455473
г. Ярцево;Смоленская область;41452;55.0565468;32.6902745
г. Урай;Ханты-Мансийский автономный округ — Югра;41315;60.1297244;64.8038858
г. Заринск;Алтайский край;41272;53.7064163;84.93148
г. Торжок;Тверская область;41116;57.041349;34.9602076
г. Верхняя Салда;Свердловская область;41034;58.0466272;60.5560133
г. Лянтор;Ханты-Мансийский автономный округ — Югра;40977;61.6392893;72.1793962
г. Горячий Ключ;Краснодарский край;40903;44.6344393;39.1355285
г. Кимры;Тверская область;40875;56.8732554;37.3557008
г. Мариинск;Кемеровская область;40779;56.2128227;87.7454299
г. Белая Калитва;Ростовская область;40448;48.176882;40.8032881
г. Сосновоборск;Красноярский край;40442;56.120075;93.3354461
г. Осинники;Кемеровская область;40367;53.598681;87.3371253
г. Курчатов;Курская область;40318;51.6605387;35.6571025
г. Апшеронск;Краснодарский край;40289;44.4583753;39.7301418
г. Пыть-Ях;Ханты-Мансийский автономный округ — Югра;40180;60.7586475;72.8366942
г. Усть-Лабинск;Краснодарский край;40158;45.2226625;39.6929278
г. Пугачев;Саратовская область;40127;52.0159472;48.797175
г. Мыски;Кемеровская область;40109;53.7126111;87.8056844
г. Мончегорск;Мурманская область;39962;67.9386512;32.9359042
г. Заинск;Республика Татарстан;39739;55.2988956;52.0063163
г. Шебекино;Белгородская область;39680;50.4004378;36.8878943
г. Тутаев;Ярославская область;39643;57.8674415;39.536868
г. Баксан;Кабардино-Балкарская Республика;39593;43.6819288;43.5344884
г. Абинск;Краснодарский край;39511;44.8679116;38.1617987
г. Кольчугино;Владимирская область;39410;56.3328004;39.391268
г. Стрежевой;Томская область;39169;60.7327472;77.6039789
г. Моршанск;Тамбовская область;39023;53.4436449;41.8115193
г. Советск;Калининградская область;38910;55.0811102;21.8887115
г. Ялуторовск;Тюменская область;38853;56.6546647;66.3121926
г. Новозыбков;Брянская область;38680;52.5371414;31.9357361
г. Изобильный;Ставропольский край;38614;45.3684383;41.7085873
г. Амурск;Хабаровский край;38606;50.2345703;136.8791531
г. Волхов;Ленинградская область;38511;59.9004589;32.3520685
г. Тулун;Иркутская область;38440;54.5570223;100.5779905
г. Луга;Ленинградская область;38407;58.735207;29.847945
г. Сафоново;Смоленская область;38403;55.1200105;33.233658
г. Кизилюрт;Республика Дагестан;38335;43.2038278;46.872864
г. Югорск;Ханты-Мансийский автономный округ — Югра;38238;61.3124125;63.3364948
г. Шатура;Московская область;38230;55.5778265;39.5445373
г. Ртищево;Саратовская область;37850;52.2616938;43.7842747
г. Переславль-Залесский;Ярославская область;37738;56.7360013;38.8543687
г. Протвино;Московская область;37735;54.8705841;37.2182922
г. Южноуральск;Челябинская область;37478;54.4490432;61.2581713
г. Истра;Московская область;37474;55.9061876;36.8600649
г. Качканар;Свердловская область;37307;58.7050979;59.4839558
г. Красноуфимск;Свердловская область;37301;56.612429;57.7635494
г. Коркино;Челябинская область;37224;54.8903864;61.4032939
г. Джанкой;Республика Крым;37014;45.7092913;34.3883718
г. Ирбит;Свердловская область;37009;57.683808;63.0576929
пгт Маркова рп;Иркутская область;36971;52.211106;104.207909
г. Мценск;Орловская область;36960;53.2789769;36.5749963
г. Усть-Кут;Иркутская область;36918;56.780878;105.745373
г. Моздок;Республика Северная Осетия — Алания;36784;43.7472597;44.657072
г. Заволжье;Нижегородская область;36763;56.6404919;43.3870929
г. Кинель;Самарская область;36729;53.2209314;50.6343567
г. Урюпинск;Волгоградская область;36669;50.7904909;42.0289034
г. Реж;Свердловская область;36585;57.3716798;61.38338
г. Алексеевка;Белгородская область;36578;50.6299988;38.6881066
станица Динская;Краснодарский край;36576;45.2362774;39.2405427
г. Ефремов;Тульская область;36545;53.137603;38.117673
г. Малгобек;Республика Ингушетия;36480;43.5097018;44.5901112
г. Елизово;Камчатский край;36240;53.1829398;158.3884312
г. Вязники;Владимирская область;36203;56.2977573;42.268676
г. Алапаевск;Свердловская область;36189;57.8476947;61.6695786
г. Учалы;Республика Башкортостан;36175;54.3066963;59.4127255
г. Черняховск;Калининградская область;36128;54.6245018;21.7969164
г. Кыштым;Челябинская область;36045;55.706159;60.5562529
пгт Горячеводский рп;Ставропольский край;36032;44.0236208;43.0973777
г. Беслан;Республика Северная Осетия — Алания;35929;43.1936637;44.533792
Балаклава;Севастополь;35919;44.501414;33.600037
г. Людиново;Калужская область;35874;53.8701272;34.4385772
г. Звенигород;Московская область;35842;55.7295881;36.8553623
г. Спасск-Дальний;Приморский край;35732;44.5900901;132.8158275
г. Светлоград;Ставропольский край;35703;45.3286594;42.856594
г. Красный Сулин;Ростовская область;35697;47.883196;40.0781926
г. Фролово;Волгоградская область;35661;49.7648209;43.6649431
г. Ахтубинск;Астраханская область;35635;48.2753708;46.1905298
г. Саянск;Иркутская область;35561;54.1108195;102.1802309
станица Ленинградская;Краснодарский край;35561;46.3449638;39.3907816
г. Апрелевка;Московская область;35514;55.527617;37.0650837
г. Благовещенск;Республика Башкортостан;35481;55.0498049;55.9553149
г. Лесозаводск;Приморский край;35433;45.4780131;133.4185314
г. Печора;Республика Коми;35254;65.1486942;57.2239645
г. Богородск;Нижегородская область;35068;56.1020008;43.5135913
г. Миллерово;Ростовская область;34841;48.9259954;40.3982659
г. Азнакаево;Республика Татарстан;34750;54.8597519;53.0744925
г. Сокол;Вологодская область;34742;59.4757853;40.1114848
деревня Ватутинки;Москва;34697;55.4942411;37.3288668
г. Сланцы;Ленинградская область;34628;59.1177053;28.0882334
г. Коряжма;Архангельская область;34523;61.2886248;47.1002365
г. Тайшет;Иркутская область;34491;55.9405482;98.0030449
г. Ликино-Дулёво;Московская область;34191;55.7077293;38.9577959
г. Тосно;Ленинградская область;34066;59.540686;30.8777641
г. Мирный;Республика Саха (Якутия);34045;62.5362564;113.9667642
г. Новокубанск;Краснодарский край;34000;45.1036986;41.0475442
г. Нурлат;Республика Татарстан;33990;54.4281036;50.8049432
г. Шарыпово;Красноярский край;33961;55.5391274;89.1801041
г. Корсаков;Сахалинская область;33950;46.6324255;142.7994957
г. Можайск;Московская область;33880;55.5069403;36.0239829
г. Партизанск;Приморский край;33832;43.1504279;133.1666126
г. Дальнегорск;Приморский край;33655;44.5541197;135.566156
г. Конаково;Тверская область;33560;56.7275398;36.801348
г. Каменка;Пензенская область;33491;53.1855489;44.0468101
г. Гулькевичи;Краснодарский край;33357;45.3605339;40.6918433
г. Новодвинск;Архангельская область;33294;64.4136473;40.8206783
г. Гай;Оренбургская область;33280;51.4650759;58.4436431
г. Губкинский;Ямало-Ненецкий автономный округ;33273;64.4456403;76.4713798
деревня Рассказовка;Москва;33259;55.6317853;37.3132339
г. Нарткала;Кабардино-Балкарская Республика;33203;43.5578132;43.8576082
г. Зеленокумск;Ставропольский край;33187;44.4032361;43.8841172
пгт Приволжский рп;Саратовская область;33096;51.4109503;46.0481131
г. Валуйки;Белгородская область;33032;50.211172;38.0999436
г. Чернушка;Пермский край;32991;56.515934;56.0764463
г. Тавда;Свердловская область;32749;58.0434995;65.274369
г. Сухой Лог;Свердловская область;32748;56.9074957;62.0357985
г. Углич;Ярославская область;32719;57.522461;38.3018763
г. Трехгорный;Челябинская область;32463;54.8177944;58.4463721
г. Камень-на-Оби;Алтайский край;32385;53.7914749;81.3545962
г. Алатырь;Чувашская Республика;32265;54.8372699;46.5339898
г. Кулебаки;Нижегородская область;32184;55.4296716;42.5124575
г. Усинск;Республика Коми;32182;65.9940586;57.5569288
г. Острогожск;Воронежская область;31699;50.867943;39.0406177
станица Новотитаровская;Краснодарский край;31520;45.2376345;38.9765189
г. Дагестанские Огни;Республика Дагестан;31412;42.1152854;48.193977
г. Алушта;Республика Крым;31364;44.6763996;34.4100439
г. Тейково;Ивановская область;31305;56.8542792;40.5353799
г. Дюртюли;Республика Башкортостан;31185;55.4848147;54.8524883
село Иглино;Республика Башкортостан;31169;54.834468;56.416165
г. Советский;Ханты-Мансийский автономный округ — Югра;31138;61.3707009;63.5667177
г. Усть-Джегута;Карачаево-Черкесская Республика;31137;44.0838556;41.9710356
г. Приморско-Ахтарск;Краснодарский край;31087;46.0515858;38.1704382
Фактория;Архангельская область;31008;64.53939;40.5170011
г. Кохма;Ивановская область;30940;56.9325054;41.0931324
г. Благодарный;Ставропольский край;30827;45.098943;43.4306154
село Ачхой-Мартан;Чеченская Республика;30739;43.1872011;45.2863481
г. Дедовск;Московская область;30731;55.8704582;37.124447
г. Вичуга;Ивановская область;30694;57.2044884;41.9131422
город Нововоронеж;Воронежская область;30658;51.3091935;39.216289
г. Зима;Иркутская область;30640;53.9336544;102.0498973
станица Кущевская;Краснодарский край;30375;46.569894;39.619836
г. Обь;Новосибирская область;30369;54.9945378;82.6937661
станица Староминская;Краснодарский край;30362;46.5331093;39.0535727
пгт Томилино рп;Московская область;30306;55.663107;37.949918
г. Сердобск;Пензенская область;30220;52.4697777;44.2123029
г. Богданович;Свердловская область;30142;56.7764214;62.0462888
г. Нижнеудинск;Иркутская область;29995;54.896942;99.031408
г. Электрогорск;Московская область;29982;55.8778372;38.7805887
г. Луховицы;Московская область;29889;54.7659596;39.2706433
г. Вятские Поляны;Кировская область;29742;56.2285162;51.0616058
г. Фурманов;Ивановская область;29715;57.2537548;41.1054731
г. Борзя;Забайкальский край;29596;50.3877136;116.5235118
г. Богородицк;Тульская область;29560;53.7700594;38.1225087
станица Павловская;Краснодарский край;29514;46.122016;39.781416
г. Гусев;Калининградская область;29234;54.5915197;22.1942896
г. Муравленко;Ямало-Ненецкий автономный округ;29233;63.795443;74.494826
г. Слободской;Кировская область;29148;58.7312106;50.1669806
г. Кандалакша;Мурманская область;29138;67.1566641;32.4142961
пгт Краснообск рп;Новосибирская область;29086;54.921237;82.991197
пгт Дрожжино рп;Московская область;29072;55.5277293;37.5937701
г. Балабаново;Калужская область;29029;55.1774068;36.656839
г. Лосино-Петровский;Московская область;29000;55.869566;38.202852
г. Артемовский;Свердловская область;28943;57.3384593;61.8945883
г. Добрянка;Пермский край;28782;58.542592;56.293958
г. Маркс;Саратовская область;28749;51.7133247;46.7400877
г. Великий Устюг;Вологодская область;28670;60.7602824;46.3053948
г. Городец;Нижегородская область;28660;56.644865;43.4722664
г. Тында;Амурская область;28625;55.1546593;124.7468001
г. Бахчисарай;Республика Крым;28609;44.751299;33.8750748
г. Сорочинск;Оренбургская область;28478;52.4266473;53.1541824
г. Касимов;Рязанская область;28443;54.9373071;41.3913313
г. Кудымкар;Пермский край;28293;59.0168409;54.6573613
пгт Власиха;Московская область;28240;55.680815;37.1902369
пгт Разумное;Белгородская область;28192;50.533611;36.689562
г. Ростов;Ярославская область;28122;57.2050397;39.4378513
г. Заречный;Свердловская область;28112;56.8103256;61.3380277
г. Киров;Калужская область;28097;54.0789799;34.3076309
город Семилуки;Воронежская область;27938;51.6951946;39.0188991
г. Славгород;Алтайский край;27900;52.999413;78.6458451
г. Аша;Челябинская область;27890;54.990582;57.2784381
пгт Энем;Республика Адыгея;27717;44.9263995;38.9107709
г. Барабинск;Новосибирская область;27648;55.3515169;78.3464604
г. Еманжелинск;Челябинская область;27632;54.7554485;61.3243638
посёлок Придорожный;Самарская область;27515;53.0860041;50.1587223
пгт Иноземцево кп;Ставропольский край;27500;44.0970899;43.0894193
г. Старая Русса;Новгородская область;27487;57.9907473;31.355452
г. Дивногорск;Красноярский край;27477;55.9577356;92.380129
г. Похвистнево;Самарская область;27333;53.6497658;52.1234466
г. Киржач;Владимирская область;27318;56.1486461;38.8635967
пгт Красково дп;Московская область;27306;55.65879;37.9885476
г. Кушва;Свердловская область;27306;58.2825138;59.7647615
г. Мирный;Архангельская область;27262;62.764551;40.336094
г. Кировск;Ленинградская область;27238;59.875234;30.9815172
село Экажево;Республика Ингушетия;27224;43.2082923;44.8190051
г. Топки;Кемеровская область;27158;55.2765207;85.6152094
г. Камышлов;Свердловская область;27117;56.8464908;62.7120309
г. Карталы;Челябинская область;27103;53.0537382;60.6477347
г. Заводоуковск;Тюменская область;27100;56.5028398;66.5513555
деревня Мисайлово;Московская область;27093;55.5639995;37.8255811
деревня Путилково;Московская область;27081;55.865253;37.392526
станица Северская;Краснодарский край;26973;44.8562413;38.6959282
г. Тара;Омская область;26878;56.9159295;74.3648797
село Засечное;Пензенская область;26878;53.105904;45.0717034
г. Шумерля;Чувашская Республика;26873;55.5229338;46.3752894
г. Балтийск;Калининградская область;26796;54.6513858;19.9140642
г. Новоалександровск;Ставропольский край;26767;45.4932983;41.2153595
г. Гурьевск;Калининградская область;26760;54.7705454;20.6039948
г. Котовск;Тамбовская область;26694;52.5923425;41.5102238
село Кочубеевское;Ставропольский край;26645;44.6907487;41.8242914
г. Майский;Кабардино-Балкарская Республика;26632;43.6283265;44.051839
г. Кувандык;Оренбургская область;26596;51.4785827;57.3610986
г. Гагарин;Смоленская область;26500;55.5526733;34.9950319
г. Красноармейск;Московская область;26492;56.105426;38.140838
г. Кимовск;Тульская область;26475;53.9698013;38.538127
г. Волоколамск;Московская область;26389;56.0356464;35.958479
г. Петровск;Саратовская область;26319;52.3094724;45.3851898
г. Соль-Илецк;Оренбургская область;26149;51.1634754;54.9895396
г. Ипатово;Ставропольский край;26122;45.7181195;42.8970759
г. Костомукша;Республика Карелия;26048;64.5890912;30.6015362
пгт Малаховка рп;Московская область;25989;55.6452616;38.0042385
г. Удомля;Тверская область;25950;57.8787641;35.0166208
г. Янаул;Республика Башкортостан;25908;56.2649073;54.9297772
г. Карпинск;Свердловская область;25879;59.766559;60.0012125
г. Кондопога;Республика Карелия;25851;62.2059903;34.2681816
г. Коммунар;Ленинградская область;25793;59.6215741;30.3935534
г. Отрадное;Ленинградская область;25706;59.7726485;30.798845
г. Холмск;Сахалинская область;25677;47.0408656;142.0416132
станица Тбилисская;Краснодарский край;25650;45.3644521;40.2016871
г. Полысаево;Кемеровская область;25631;54.6054908;86.2809963
г. Красноперекопск;Республика Крым;25569;45.9536596;33.792071
г. Киреевск;Тульская область;25560;53.9320407;37.9219941
пгт Мостовской;Краснодарский край;25548;44.4144395;40.790292
г. Лабытнанги;Ямало-Ненецкий автономный округ;25501;66.6593565;66.3881811
село Александровское;Ставропольский край;25479;44.7105748;43.0049484
город Десногорск;Смоленская область;25414;54.1463618;33.2834089
г. Алейск;Алтайский край;25380;52.4922482;82.7795177
г. Десногорск;Смоленская область;25345;54.1463618;33.2834089
г. Дятьково;Брянская область;25255;53.5958143;34.355106
г. Скопин;Рязанская область;25238;53.8235282;39.5493392
пгт Калининец рп;Московская область;25082;55.559738;36.981914
г. Семенов;Нижегородская область;25075;56.7890706;44.4902872
пгт Ильский;Краснодарский край;24932;44.804549;38.546089
г. Асино;Томская область;24913;56.990811;86.1764966
г. Карасук;Новосибирская область;24890;53.7343642;78.0422879
г. Кировск;Мурманская область;24857;67.6151587;33.6636568
станица Ессентукская;Ставропольский край;24710;44.0267307;42.8764379
пгт Октябрьский рп;Московская область;24704;55.6110724;37.9737423
г. Знаменск;Астраханская область;24628;48.5866454;45.7369007
г. Гусиноозерск;Республика Бурятия;24451;51.2865987;106.5229836
пгт Пойковский;Ханты-Мансийский автономный округ — Югра;24440;60.996548;71.902431
г. Североуральск;Свердловская область;24428;60.1533388;59.952553
г. Бутурлиновка;Воронежская область;24397;50.8312775;40.5977424
г. Озёры;Московская область;24359;54.8540209;38.5598706
г. Саки;Республика Крым;24285;45.13433;33.6032255
г. Калач-на-Дону;Волгоградская область;24277;48.6889101;43.5307585
г. Унеча;Брянская область;24274;52.8461971;32.6757398
г. Морозовск;Ростовская область;24258;48.351132;41.8307844
г. Северобайкальск;Республика Бурятия;24233;55.6355591;109.3361645
г. Советская Гавань;Хабаровский край;24231;48.9663668;140.2852088
станица Полтавская;Краснодарский край;24164;45.3654401;38.2109117
г. Родники;Ивановская область;24101;57.1024811;41.7298234
г. Зерноград;Ростовская область;24076;46.849613;40.3128993
пгт Северный;Белгородская область;24070;50.6774988;36.5607698
деревня Новое Девяткино;Ленинградская область;23988;60.0572998;30.4762703
посёлок Тельмана;Ленинградская область;23986;59.725444;30.612106
г. Карачаевск;Карачаево-Черкесская Республика;23867;43.7731804;41.9144084
станица Елизаветинская;Краснодарский край;23841;45.0484348;38.7999276
г. Строитель;Белгородская область;23780;50.785172;36.486998
г. Татарск;Новосибирская область;23711;55.2144722;75.9740764
г. Медногорск;Оренбургская область;23693;51.4038655;57.5831571
пгт Федоровский;Ханты-Мансийский автономный округ — Югра;23614;61.6484245;73.488652
г. Дальнереченск;Приморский край;23613;45.9308807;133.7316844
пгт Афипский;Краснодарский край;23592;44.9034044;38.8411512
г. Уварово;Тамбовская область;23584;51.983084;42.261
г. Сегежа;Республика Карелия;23543;63.7437691;34.3126737
г Курчалой;Чеченская Республика;23425;43.2045354;46.0889297
г. Нарьян-Мар;Ненецкий автономный округ;23399;67.6379742;53.0069529
г. Губаха;Пермский край;23397;58.8370347;57.5544775
г. Среднеуральск;Свердловская область;23344;56.9919113;60.4771159
г. Кубинка;Московская область;23146;55.6790296;37.2635177
г. Нефтекумск;Ставропольский край;23137;44.7545311;44.9865999
станица Троицкая;Республика Ингушетия;23078;43.3060175;44.9893927
пгт Свердловский рп;Московская область;23058;55.9032059;38.1361082
станица Отрадная;Краснодарский край;23041;44.39317;41.5156681
г. Верхний Уфалей;Челябинская область;22981;56.0487398;60.2320146
пгт Городище рп;Волгоградская область;22905;48.8096322;44.4761656
г. Старая Купавна;Московская область;22898;55.810648;38.175624
г. Менделеевск;Республика Татарстан;22875;55.8951887;52.3143634
г. Железноводск;Ставропольский край;22863;44.1320536;43.0304695
г. Голицыно;Московская область;22733;55.6189919;36.9856491
г. Аткарск;Саратовская область;22709;51.8737167;45.000324
пгт Тучково рп;Московская область;22657;55.6007848;36.4718788
рп Чишмы;Республика Башкортостан;22597;54.5892603;55.3803504
г. Лермонтов;Ставропольский край;22444;44.1053341;42.9731493
посёлок Бугры;Ленинградская область;22428;60.0700161;30.3997764
город Павловск;Воронежская область;22384;50.4533503;40.1369424
г. Тайга;Кемеровская область;22375;56.1723887;85.4268959
г. Никольское;Ленинградская область;22355;59.7042138;30.7874065
г. Верещагино;Пермский край;22239;58.0798499;54.6579923
г. Сосногорск;Республика Коми;22189;63.599118;53.8762442
г. Гурьевск;Кемеровская область;22134;54.2859162;85.9477116
г. Хадыженск;Краснодарский край;22094;44.412253;39.5320316
г. Невьянск;Свердловская область;22061;57.4912147;60.218324
г. Тырныауз;Кабардино-Балкарская Республика;22056;43.3981998;42.9214143
г. Котельниково;Волгоградская область;22016;47.6310339;43.1330384
г. Таштагол;Кемеровская область;21980;52.7594115;87.8476574
г. Давлеканово;Республика Башкортостан;21834;54.222692;55.0311854
г. Бронницы;Московская область;21831;55.4254542;38.264161
г. Вилючинск;Камчатский край;21774;52.9302624;158.4057425
г. Калтан;Кемеровская область;21752;53.521076;87.2771909
пгт Медведево;Республика Марий Эл;21752;56.6332603;47.8032407
г. Вихоревка;Иркутская область;21719;56.1208112;101.1704184
г. Семикаракорск;Ростовская область;21719;47.517792;40.811485
г. Лысково;Нижегородская область;21657;56.0262601;45.0357974
г. Сасово;Рязанская область;21628;54.3508047;41.9117508
г. Бавлы;Республика Татарстан;21628;54.4063524;53.2458119
г. Железногорск-Илимский;Иркутская область;21621;56.5847582;104.1142358
г. Вельск;Архангельская область;21613;61.0658321;42.1032464
г. Алдан;Республика Саха (Якутия);21590;58.6095359;125.3817685
пгт Стройкерамика;Самарская область;21567;53.2766484;50.3870415
г. Алагир;Республика Северная Осетия — Алания;21550;43.0416623;44.2197807
пгт Ахтырский;Краснодарский край;21515;44.8503138;38.2998264
г. Красноуральск;Свердловская область;21507;58.3486753;60.0408929
г. Бежецк;Тверская область;21466;57.7859527;36.6905192
г. Усть-Катав;Челябинская область;21439;54.9260247;58.1528932
г. Оленегорск;Мурманская область;21438;68.1420962;33.2669298
г. Рошаль;Московская область;21401;55.6632087;39.8656345
г. Ленск;Республика Саха (Якутия);21392;60.7276227;114.9548502
пгт Излучинск;Ханты-Мансийский автономный округ — Югра;21389;60.9530651;76.891202
г. Калачинск;Омская область;21378;55.059708;74.5655042
г. Красноармейск;Саратовская область;21350;51.0235479;45.6951366
г. Светлый;Калининградская область;21114;54.6773492;20.1356707
г. Рыбное;Рязанская область;21069;54.7256308;39.5135902
г. Котово;Волгоградская область;21028;50.3205819;44.803057
г. Остров;Псковская область;20923;57.3452065;28.3437983
г. Бобров;Воронежская область;20871;51.0902207;40.031849
пгт Кольцово рп;Новосибирская область;20862;54.939754;83.189226
село Дыгулыбгей;Кабардино-Балкарская Республика;20852;43.6605157;43.5399799
г. Колпашево;Томская область;20824;58.3114151;82.9027717
г. Новопавловск;Ставропольский край;20781;43.957372;43.631908
г. Тогучин;Новосибирская область;20766;55.2251228;84.4103609
г. Чегем;Кабардино-Балкарская Республика;20736;43.567119;43.5866245
г. Зарайск;Московская область;20736;54.7624731;38.8851435
село Карабудахкент;Республика Дагестан;20710;42.7101719;47.5652001
г. Октябрьск;Самарская область;20703;53.1641278;48.6707034
г. Армянск;Республика Крым;20692;46.1058917;33.6911918
г. Ряжск;Рязанская область;20634;53.7068457;40.0521364
г. Сысерть;Свердловская область;20634;56.5005302;60.8190383
г. Буй;Костромская область;20564;58.4733865;41.5306164
пгт Безенчук;Самарская область;20516;52.9844016;49.4332576
г. Исилькуль;Омская область;20515;54.9095226;71.2815165
г. Хотьково;Московская область;20466;56.2515987;37.9394556
г. Шарья;Костромская область;20439;58.3760015;45.4060912
г. Нижний Ломов;Пензенская область;20421;53.5301144;43.6730824
г. Арск;Республика Татарстан;20421;56.0913566;49.8769472
г. Пикалево;Ленинградская область;20388;59.5131477;34.1772986
г. Оха;Сахалинская область;20357;53.5868177;142.9412704
пгт Монино рп;Московская область;20313;55.8393791;38.1953929
г. Инта;Республика Коми;20271;66.0367224;60.1153645
г. Сергач;Нижегородская область;20256;55.5200817;45.4813786
г. Бологое;Тверская область;20234;57.8855456;34.0537078
г. Котельнич;Кировская область;20144;58.3034526;48.3475879
г. Лебедянь;Липецкая область;20049;53.0155445;39.143535
станица Зеленчукская;Карачаево-Черкесская Республика;20009;43.8608392;41.5827377
г. Белоярский;Ханты-Мансийский автономный округ — Югра;19994;63.7120526;66.6773163
г. Агрыз;Республика Татарстан;19991;56.5234282;52.9943111
г. Нерехта;Костромская область;19977;57.4543591;40.5725027
пгт Боровский рп;Тюменская область;19972;57.0437279;65.7219998
г. Буинск;Республика Татарстан;19968;54.964071;48.2901712
станица Выселки;Краснодарский край;19955;45.5801087;39.6553854
г. Терек;Кабардино-Балкарская Республика;19948;43.4837944;44.140333
село Новая Усмань (часть 2);Воронежская область;19939;51.6440564;39.4129162
г. Черепаново;Новосибирская область;19900;54.2206618;83.3724671
г. Тарко-Сале;Ямало-Ненецкий автономный округ;19900;64.9117423;77.7610229
г. Никольск;Пензенская область;19873;53.7138244;46.0799725
г. Куровское;Московская область;19857;55.5790488;38.920837
г. Ковылкино;Республика Мордовия;19793;54.0391206;43.9191408
г. Козьмодемьянск;Республика Марий Эл;19731;56.3333702;46.5465866
г. Данков;Липецкая область;19726;53.2576888;39.1456386
г. Фокино;Приморский край;19711;42.9707585;132.4110104
пгт Каа-Хем;Республика Тыва;19686;51.6974519;94.559472
г. Усмань;Липецкая область;19662;52.0444077;39.7263813
посёлок Строитель;Тамбовская область;19647;52.6512001;41.4310661
г. Омутнинск;Кировская область;19629;58.6698906;52.189375
рп Приютово;Республика Башкортостан;19595;53.8951581;53.9369819
село Чалтырь;Ростовская область;19583;47.2826729;39.4992447
г. Пущино;Московская область;19578;54.8351813;37.6265045
г. Дудинка;Красноярский край;19556;69.4032072;86.1909075
поселок Трудовое;Приморский край;19543;43.3002872;132.0632507
г. Черноголовка;Московская область;19530;56.0099863;38.3792964
г. Оса;Пермский край;19523;57.2889708;55.468868
пгт Кокошкино дп;Москва;19490;55.598467;37.167633
пгт Промышленная;Кемеровская область;19484;54.916573;85.6376222
пгт Ленинкент;Республика Дагестан;19438;42.9703441;47.3535191
поселок Ойсхара;Чеченская Республика;19415;43.2627893;46.2498555
г. Зея;Амурская область;19414;53.7340347;127.2657094
станица Суворовская;Ставропольский край;19378;44.1975139;42.6499527
г. Зверево;Ростовская область;19353;48.0434167;40.1265252
поселок Игра;Удмуртская Республика;19319;57.5401354;53.0861913
село Гойты;Чеченская Республика;19198;43.1609736;45.6212637
станица Брюховецкая;Краснодарский край;19154;45.8020888;38.9971898
станица Незлобная;Ставропольский край;19068;44.1168985;43.408563
пгт Березовка;Красноярский край;19059;56.037108;93.1266
поселок Ува;Удмуртская Республика;19057;56.9820545;52.1873031
г. Арамиль;Свердловская область;19013;56.6915504;60.8441135
г. Пролетарск;Ростовская область;18983;46.7038132;41.7276002
г. Ардон;Республика Северная Осетия — Алания;18956;43.1755904;44.2956828
г. Лодейное Поле;Ленинградская область;18905;60.7320844;33.5522164
посёлок Саракташ;Оренбургская область;18789;51.7830951;56.3652582
г. Приозерск;Ленинградская область;18777;61.03598;30.115586
станица Холмская;Краснодарский край;18699;44.848128;38.3892456
г. Кировград;Свердловская область;18698;57.4298874;60.0624019
село Раевский;Республика Башкортостан;18698;54.0650359;54.932837
г. Николаевск-на-Амуре;Хабаровский край;18631;53.1461923;140.7110577
г. Нелидово;Тверская область;18603;56.223391;32.7766208
пгт Свободы рп;Ставропольский край;18582;44.0248348;43.0514483
станица Новопокровская;Краснодарский край;18559;45.9538509;40.7070143
село Чигири;Амурская область;18538;50.3391503;127.5076851
г. Харабали;Астраханская область;18514;47.4089236;47.2525264
г. Няндома;Архангельская область;18473;61.6654144;40.2063093
село Автуры;Чеченская Республика;18446;43.163267;46.0031899
г. Нижняя Тура;Свердловская область;18392;58.6310449;59.8520228
г. Пласт;Челябинская область;18379;54.3691735;60.815252
г. Новый Оскол;Белгородская область;18359;50.764439;37.863064
пгт Тарки;Республика Дагестан;18233;42.9445024;47.4957949
г. Суровикино;Волгоградская область;18227;48.6189098;42.8542126
г. Боготол;Красноярский край;18206;56.2098683;89.5300867
рп Южный;Алтайский край;18098;53.2513304;83.6947313
г. Ершов;Саратовская область;18095;51.35079;48.2763191
г. Нефтегорск;Самарская область;18076;52.79725;51.1638245
пгт Тальменка рп;Алтайский край;18070;53.8172662;83.5691716
г. Слюдянка;Иркутская область;18058;51.6563035;103.7186495
село Бабаюрт;Республика Дагестан;18039;43.6011227;46.7793044
станица Нестеровская;Республика Ингушетия;17981;43.2381741;45.0491681
г. Электроугли;Московская область;17944;55.7170793;38.219367
г. Кукмор;Республика Татарстан;17886;56.1860939;50.8971592
г. Кяхта;Республика Бурятия;17877;50.3466144;106.453365
пгт Удельная дп;Московская область;17846;55.6349087;38.049353
г. Судак;Республика Крым;17834;44.8505071;34.9761502
г. Баймак;Республика Башкортостан;17833;52.5913527;58.3111821
пгт Линево рп;Новосибирская область;17779;54.4570315;83.3815692
посёлок завода Мосрентген;Москва;17758;55.620947;37.473815
г. Покров;Владимирская область;17747;55.9167157;39.1733602
село Высокая Гора;Республика Татарстан;17736;55.912126;49.312767
г. Стародуб;Брянская область;17687;52.5853129;32.7603416
г. Жуковка;Брянская область;17628;53.5340871;33.7302336
г. Шахунья;Нижегородская область;17626;57.6763123;46.6128512
г. Калач;Воронежская область;17624;50.4240228;41.0162465
г. Суворов;Тульская область;17598;54.122088;36.490348
посёлок ВНИИССОК;Московская область;17597;55.6569429;37.2117743
г. Радужный;Владимирская область;17569;55.9960812;40.3322223
г. Льгов;Курская область;17557;51.65971;35.261144
г. Енисейск;Красноярский край;17537;58.4485678;92.1650748
село Белая Глина;Краснодарский край;17470;46.0736706;40.8713114
г. Карачев;Брянская область;17449;53.1296862;34.9887384
г. Белогорск;Республика Крым;17445;45.0570816;34.599941
г. Собинка;Владимирская область;17444;55.9938217;40.0178919
пгт Лучегорск;Приморский край;17437;46.438443;134.289358
станица Медведовская;Краснодарский край;17404;45.4491448;39.0101617
пгт Ванино;Хабаровский край;17326;49.0909744;140.2563927
г. Талдом;Московская область;17317;56.7308601;37.5276018
пгт Васильево;Республика Татарстан;17286;55.8369276;48.7040265
г. Юрьев-Польский;Владимирская область;17276;56.4936868;39.6680526
г. Абдулино;Оренбургская область;17274;53.6778052;53.6473384
станица Старощербиновская;Краснодарский край;17251;46.6297567;38.6673969
г. Константиновск;Ростовская область;17207;47.5773447;41.0967357
село Бачи-Юрт;Чеченская Республика;17173;43.2209854;46.194994
г. Куса;Челябинская область;17136;55.3386556;59.4386134
пгт Коченево рп;Новосибирская область;17053;55.019014;82.2060574
село Осиново;Республика Татарстан;16991;55.8775039;48.8897995
село Нижнее Казанище;Республика Дагестан;16984;42.760984;47.161627
г. Онега;Архангельская область;16947;63.9162842;38.0805165
г. Новомичуринск;Рязанская область;16900;54.037654;39.7466785
г. Плавск;Тульская область;16893;53.7095277;37.2862058
село Майма;Республика Алтай;16890;52.0037707;85.8962579
село Цоци-Юрт;Чеченская Республика;16890;43.2426159;46.0018219
пгт Янино-1;Ленинградская область;16886;59.945394;30.5611967
деревня Сапроново;Московская область;16817;55.529323;37.712318
деревня Пыхтино;Москва;16803;55.6209417;37.3002729
село Кантышево;Республика Ингушетия;16783;43.2281058;44.6484198
г. Козельск;Калужская область;16759;54.0348045;35.7806829
село Краснокумское;Ставропольский край;16702;44.1748104;43.4967116
г. Нытва;Пермский край;16675;57.9336576;55.3355911
г. Осташков;Тверская область;16674;57.1457822;33.1116377
село Кинель-Черкассы;Самарская область;16658;53.4640756;51.5193824
г. Зеленоградск;Калининградская область;16625;54.9599261;20.4752742
село Новая Усмань (часть 1);Воронежская область;16601;51.6440564;39.4129162
пгт Шушенское;Красноярский край;16573;53.333753;91.935624
г. Туринск;Свердловская область;16561;58.0394946;63.6981776
г. Краснослободск;Волгоградская область;16545;48.7068501;44.5631832
пгт Агинское;Забайкальский край;16511;51.1036078;114.5378536
г. Нижняя Салда;Свердловская область;16505;58.0749078;60.7025219
г. Шимановск;Амурская область;16488;52.005177;127.7005913
село Плиево;Республика Ингушетия;16440;43.2854671;44.8359413
станица Гостагаевская;Краснодарский край;16438;44.8948984;37.3162896
г. Яровое;Алтайский край;16424;52.9252719;78.5729219
город Поворино;Воронежская область;16417;51.195289;42.2473555
г. Бакал;Челябинская область;16345;54.9406707;58.8051112
г. Инза;Ульяновская область;16293;53.8549261;46.353359
г. Шумиха;Курганская область;16264;55.2281331;63.2901783
пгт Шексна;Вологодская область;16246;59.2361104;38.5112653
г. Бикин;Хабаровский край;16240;46.8185692;134.2550619
г. Жуков;Калужская область;16224;55.0302319;36.7393387
г. Светлогорск;Калининградская область;16207;54.9439073;20.1514612
г. Бокситогорск;Ленинградская область;16185;59.473579;33.8457452
г. Кирсанов;Тамбовская область;16164;52.6506577;42.7284824
пгт Рощино;Ленинградская область;16162;60.2408076;29.6288048
г. Камызяк;Астраханская область;16154;46.1106454;48.0732549
пгт Белый Яр;Ханты-Мансийский автономный округ — Югра;16141;61.260563;73.252472
пгт им. Воровского рп;Московская область;16127;55.7219506;38.3276944
г. Подпорожье;Ленинградская область;16123;60.912778;34.1567171
посёлок Дубовое;Белгородская область;16101;50.5303214;36.5682872
г. Гаврилов-Ям;Ярославская область;16084;57.3091517;39.8544895
село Нартан;Кабардино-Балкарская Республика;16075;43.5054195;43.7016693
г. Покачи;Ханты-Мансийский автономный округ — Югра;16040;61.7422837;75.5940895
г. Поронайск;Сахалинская область;16026;49.2387506;143.1008839
г. Руза;Московская область;16014;55.7015428;36.1959789
г. Мензелинск;Республика Татарстан;16008;55.7270085;53.1005154
деревня Куюки;Республика Татарстан;15977;55.7128384;49.3565309
г. Иланский;Красноярский край;15945;56.2375329;96.0673849
посёлок Орловский;Ростовская область;15942;46.874451;42.05931
село Каякент;Республика Дагестан;15923;42.3862993;47.9054979
г. Сельцо;Брянская область;15906;53.3739073;34.106007
станица Раевская;Краснодарский край;15902;44.836305;37.5496436
село Учкекен;Карачаево-Черкесская Республика;15849;43.9390432;42.5155851
г. Райчихинск;Амурская область;15797;49.7941325;129.411213
г. Ковдор;Мурманская область;15770;67.5662699;30.4741763
деревня Островцы;Московская область;15752;55.5912674;37.9926244
село Супсех;Краснодарский край;15736;44.8948984;37.3162896
г. Кондрово;Калужская область;15734;54.7959825;35.9275777
г. Мамадыш;Республика Татарстан;15726;55.7150947;51.4128069
г. Межгорье;Республика Башкортостан;15697;54.2396811;57.9612743
посёлок Зимовники;Ростовская область;15691;47.1453719;42.4676643
пгт Емельяново;Красноярский край;15649;56.1686437;92.6866976
г. Болотное;Новосибирская область;15644;55.6692803;84.3906602
г. Кизел;Пермский край;15619;59.0512352;57.6471132
пгт Товарково;Калужская область;15606;54.67724;35.942735
село Поселье;Республика Бурятия;15603;51.8057402;107.5376329
станица Анапская;Краснодарский край;15593;44.8948984;37.3162896
пгт Семендер;Республика Дагестан;15565;42.9911799;47.4021163
пгт Кратово дп;Московская область;15565;55.5973949;38.1635172
г. Жирновск;Волгоградская область;15555;50.9769212;44.7857873
посёлок Навля;Брянская область;15536;52.8301087;34.5066338
пгт Заводской;Республика Северная Осетия — Алания;15508;43.1077853;44.6453692
г. Дегтярск;Свердловская область;15497;56.7048;60.0790826
г. Свирск;Иркутская область;15485;53.0838888;103.3413682
пгт Сузун рп;Новосибирская область;15482;53.7891996;82.3161043
г. Ясный;Оренбургская область;15471;51.0368874;59.8742748
село Подстепки;Самарская область;15455;53.5179261;49.1533951
посёлок Зональная Станция;Томская область;15421;56.4268771;85.0227819
станица Варениковская;Краснодарский край;15385;45.1198484;37.6385129
г. Касли;Челябинская область;15383;55.8869825;60.7422584
посёлок Усть-Ордынский;Иркутская область;15364;52.8052189;104.7536738
село Гехи;Чеченская Республика;15352;43.1606137;45.4742778
г. Новоаннинский;Волгоградская область;15351;50.5295721;42.6666194
пгт Анна;Воронежская область;15316;51.489329;40.4242248
"посёлок подсобного хозяйства ""Воскресенское""";Москва;15293;55.5296175;37.4458356
г. Нерчинск;Забайкальский край;15290;51.9594649;116.5853127
село Ахты;Республика Дагестан;15285;41.4591981;47.7495262
г. Магас;Республика Ингушетия;15271;43.1686871;44.8131101
г. Ясногорск;Тульская область;15269;54.4794749;37.689663
г. Новоузенск;Саратовская область;15216;50.4551199;48.1411389
посёлок Знамя Октября;Москва;15199;55.47574;37.538359
село Катар-Юрт;Чеченская Республика;15199;43.1688806;45.370387
пгт Запрудня рп;Московская область;15189;56.5609117;37.4336132
г. Бородино;Красноярский край;15174;55.9053464;94.9022323
пгт Рефтинский;Свердловская область;15164;57.0906513;61.6564554
пгт Софрино рп;Московская область;15136;56.1354141;37.9260237
пгт Вырица;Ленинградская область;15086;59.4172905;30.3469408
г. Рыльск;Курская область;15069;51.568137;34.6802211
г. Купино;Новосибирская область;15065;54.3661206;77.2973372
село Хомутово;Иркутская область;15064;52.4652523;104.3620353
пгт Большие Вязёмы рп;Московская область;15060;55.6291397;37.0053667
г. Петровск-Забайкальский;Забайкальский край;15015;51.2748412;108.8468131
г. Почеп;Брянская область;14991;52.9153976;33.4745131
г. Палласовка;Волгоградская область;14966;50.0502023;46.8804085
г. Калининск;Саратовская область;14949;51.4993043;44.4710883
г. Щигры;Курская область;14927;51.8785827;36.8911689
г. Барыш;Ульяновская область;14924;53.6534032;47.1180501
пгт Чернянка;Белгородская область;14896;50.940917;37.804134
г. Сортавала;Республика Карелия;14867;61.7032224;30.6917823
пгт Грибановский;Воронежская область;14830;51.4564459;41.9799021
станица Васюринская;Краснодарский край;14829;45.1181463;39.4216389
г. Талица;Свердловская область;14808;57.0123163;63.7320587
г. Сухиничи;Калужская область;14806;54.0973084;35.344484
г. Куртамыш;Курганская область;14806;54.9369493;64.4203207
г. Заполярный;Мурманская область;14791;69.4131822;30.7985579
посёлок Развилка;Московская область;14788;55.5910519;37.7529499
г. Дубовка;Волгоградская область;14779;49.0554351;44.8269342
пгт Лесной Городок дп;Московская область;14765;55.636239;37.212612
г. Белокуриха;Алтайский край;14735;51.9961123;84.9839441
г. Цимлянск;Ростовская область;14731;47.6477932;42.092975
село Кулунда;Алтайский край;14708;52.5661304;78.9368917
пгт Новый Городок;Кемеровская область;14691;54.3036194;86.2934438
г. Навашино;Нижегородская область;14664;55.5438077;42.1887675
г. Катав-Ивановск;Челябинская область;14663;54.7520677;58.1984888
пгт Ильинский рп;Московская область;14645;55.6202604;38.1055975
г. Краснозаводск;Московская область;14639;56.4409201;38.2320198
деревня Кондратово;Пермский край;14631;57.9760676;56.1090821
г. Советск;Кировская область;14626;57.5841376;48.9589455
станица Егорлыкская;Ростовская область;14602;46.553251;40.683235
село Кулешовка;Ростовская область;14568;47.0857816;39.5270717
пгт Селятино рп;Московская область;14523;55.5141029;36.9798359
г. Грязовец;Вологодская область;14505;58.875883;40.2485948
г. Красновишерск;Пермский край;14460;60.3903039;57.0535948
поселок Балезино;Удмуртская Республика;14459;57.983878;53.012307
станица Гиагинская;Республика Адыгея;14445;44.8847971;40.0577305
село Алхан-Кала;Чеченская Республика;14423;43.2624396;45.534823
г. Очер;Пермский край;14385;57.8852534;54.7161526
город Богучар;Воронежская область;14370;49.93528;40.5591512
г. Волгореченск;Костромская область;14355;57.4424513;41.1592512
село Донское;Ставропольский край;14338;45.4672559;41.989783
г. Приволжск;Ивановская область;14332;57.380718;41.2807571
станица Старовеличковская;Краснодарский край;14310;45.4329681;38.7244163
г. Ивдель;Свердловская область;14306;60.6945985;60.4245258
г. Чудово;Новгородская область;14302;59.1248174;31.6866267
г. Красный Кут;Саратовская область;14296;50.9597049;46.9711885
г. Яранск;Кировская область;14284;57.3041231;47.8478976
село Старые-Атаги;Чеченская Республика;14280;43.1229624;45.7414172
пгт Средняя Ахтуба рп;Волгоградская область;14241;48.7136601;44.8600821
г. Агидель;Республика Башкортостан;14219;55.8997421;53.9221357
посёлок Нижнесортымский;Ханты-Мансийский автономный округ — Югра;14217;62.4428117;71.7652884
рп Усть-Абакан;Республика Хакасия;14210;53.8329508;91.3943386
село Красногвардейское;Ставропольский край;14200;45.8450489;41.5144643
село Новый Хушет;Республика Дагестан;14180;42.8993406;47.5613354
г. Полярные Зори;Мурманская область;14146;67.3738152;32.4891688
посёлок Майский;Белгородская область;14143;50.5218213;36.4544411
г. Ужур;Красноярский край;14134;55.3142192;89.8334338
г. Шлиссельбург;Ленинградская область;14131;59.9443081;31.0332835
г. Гвардейск;Калининградская область;14122;54.6588822;21.0500744
станица Калининская;Краснодарский край;14121;45.4855794;38.6616721
г. Кашин;Тверская область;14113;57.3600935;37.6118448
пгт Елань рп;Волгоградская область;14095;50.9500472;43.7347462
г. Валдай;Новгородская область;14074;57.982247;33.2369679
село Алтайское;Алтайский край;14068;51.935743;85.327367
г. Пестово;Новгородская область;14032;58.5973744;35.8144755
станица Ладожская;Краснодарский край;14022;45.3077806;39.9322317
г. Яхрома;Московская область;14011;56.2890981;37.4832539
посёлок Матвеев Курган;Ростовская область;13991;47.5685457;38.8656266
г. Невель;Псковская область;13980;56.017483;29.91725
пгт Шилово;Рязанская область;13917;54.3227467;40.8779245
пгт Камские Поляны;Республика Татарстан;13910;55.429049;51.414208
г. Жердевка;Тамбовская область;13883;51.8422811;41.4618346
г. Инкерман;Севастополь;13858;44.613617;33.6101569
село Павловск;Алтайский край;13850;53.3283944;82.9708454
деревня Старая;Ленинградская область;13836;59.9295476;30.6321885
г. Лагань;Республика Калмыкия;13834;45.3931358;47.3432893
село Стрелецкое;Белгородская область;13792;50.6354085;36.4758107
г. Светогорск;Ленинградская область;13784;61.1112434;28.8726512
село Бессоновка;Пензенская область;13775;53.3102635;45.0393924
г. Белоозёрский;Московская область;13737;55.4595467;38.4389882
село Витязево;Краснодарский край;13716;45.0022717;37.2837973
г. Данилов;Ярославская область;13677;58.185987;40.1796513
г. Новоульяновск;Ульяновская область;13673;54.1447107;48.3910399
пгт Чернышевск;Забайкальский край;13670;52.5247981;117.0170594
село Шалушка;Кабардино-Балкарская Республика;13660;43.5300689;43.5627021
село Таврово;Белгородская область;13592;50.502944;36.606725
станица Багаевская;Ростовская область;13587;47.3120036;40.3835259
пгт Джалиль;Республика Татарстан;13560;55.0219384;52.7390205
пгт Чунский рп;Иркутская область;13554;56.0860078;99.6654763
посёлок Климово;Брянская область;13554;52.3794719;32.1973338
пгт Сиверский;Ленинградская область;13496;59.3522179;30.0714296
пгт Кавалерово;Приморский край;13494;44.2676995;135.0572443
станица Стародеревянковская;Краснодарский край;13482;46.1270956;38.9745983
г. Николаевск;Волгоградская область;13460;50.0165606;45.4732974
пгт Кугеси;Чувашская Республика;13451;56.0327092;47.2976508
пгт Забайкальск;Забайкальский край;13445;49.6506702;117.3290852
посёлок Новосергиевка;Оренбургская область;13438;52.0726043;53.6447061
г. Меленки;Владимирская область;13407;55.3386685;41.634068
г. Ленинск;Волгоградская область;13391;48.6937347;45.1993162
село Знаменское;Чеченская Республика;13379;43.6776101;45.1250025
пгт Айхал;Республика Саха (Якутия);13370;65.9420207;111.5021852
пгт Суходол;Самарская область;13348;53.9022943;51.2154948
г. Кодинск;Красноярский край;13324;58.6033585;99.1799034
г. Петушки;Владимирская область;13317;55.9297231;39.4509461
пгт Приморский;Республика Крым;13310;45.115886;35.488098
пгт Белоярский;Свердловская область;13293;56.7519974;61.4023424
г. Трубчевск;Брянская область;13287;52.5790839;33.765986
пгт Селенгинск;Республика Бурятия;13261;52.0052971;106.8625269
село Алхан-Юрт;Чеченская Республика;13260;43.2286886;45.5637848
пгт Боброво рп;Московская область;13259;55.527294;37.615885
пгт Солнечнодольск рп;Ставропольский край;13234;45.2951606;41.4939951
станица Старотитаровская;Краснодарский край;13223;45.2246634;37.1594593
г. Первомайск;Нижегородская область;13223;54.8675454;43.8012935
г. Анадырь;Чукотский автономный округ;13202;64.7314035;177.5015039
г. Байкальск;Иркутская область;13199;51.5230388;104.1487533
г. Адыгейск;Республика Адыгея;13175;44.8784355;39.1901784
село Арзгир;Ставропольский край;13160;45.3701507;44.2279323
село Сурхахи;Республика Ингушетия;13153;43.1847935;44.9029133
г. Карабаново;Владимирская область;13150;56.3133551;38.7034399
пгт Маслянино рп;Новосибирская область;13147;54.3464024;84.1822784
пгт Сириус;Краснодарский край;13115;43.406418;39.954483
село Дивное;Ставропольский край;13104;45.9118706;43.3429397
станица Петровская;Краснодарский край;13088;45.4301487;37.9608284
г. Высоковск;Московская область;13081;56.320223;36.551221
посёлок Новая Адыгея;Республика Адыгея;13058;45.0200833;38.9325054
г. Мантурово;Костромская область;13043;58.326579;44.7575564
пгт Голышманово рп;Тюменская область;13037;56.395975;68.3752636
село Чекмагуш;Республика Башкортостан;13024;55.1397224;54.6517782
село Власиха;Алтайский край;12973;53.3067599;83.555312
село Троицкое;Республика Калмыкия;12964;46.4158367;44.2610696
г. Южа;Ивановская область;12957;56.5926729;42.0458151
пгт Яшкино;Кемеровская область;12957;55.8738099;85.4347249
г. Удачный;Республика Саха (Якутия);12930;66.4072362;112.3060605
село Самашки;Чеченская Республика;12899;43.2910508;45.3014407
посёлок Солнечный;Ханты-Мансийский автономный округ — Югра;12885;61.2779187;73.1867293
пгт Шаховская рп;Московская область;12862;56.0290731;35.5051975
г. Лакинск;Владимирская область;12861;56.0179981;39.9565712
г. Сим;Челябинская область;12858;54.9906182;57.6899547
г. Галич;Костромская область;12856;58.3827783;42.3655467
г. Белев;Тульская область;12846;53.8114211;36.1382439
село Тоцкое Второе;Оренбургская область;12825;52.5444826;52.8252361
пгт Кузьмоловский;Ленинградская область;12820;60.1097594;30.4925228
станица Крыловская;Краснодарский край;12797;46.3206842;39.9705132
пгт Винзили рп;Тюменская область;12796;56.9507347;65.7653567
г. Пионерский;Калининградская область;12794;54.9517043;20.2277624
г. Вяземский;Хабаровский край;12775;47.5352992;134.7552103
г. Цивильск;Чувашская Республика;12762;55.8650165;47.4730014
пгт Бачатский;Кемеровская область;12729;54.2846438;86.1034964
село Эльхотово;Республика Северная Осетия — Алания;12723;43.3412939;44.2052637
поселок Светлый;Саратовская область;12702;51.6761306;45.6219229
пгт Фряново рп;Московская область;12682;56.1341804;38.4463995
г. Венев;Тульская область;12668;54.3542696;38.2644051
г. Гороховец;Владимирская область;12666;56.2021704;42.6925728
село Сагопши;Республика Ингушетия;12663;43.4879167;44.5895065
г. Лукоянов;Нижегородская область;12652;55.0327324;44.4933098
село Немчиновка;Московская область;12648;55.7194818;37.3622347
пгт Им. Свердлова;Ленинградская область;12644;59.7980459;30.6366797
село Покровское;Ростовская область;12627;47.4024253;38.9093877
село Мескер-Юрт;Чеченская Республика;12623;43.2484651;45.9128248
г. Калязин;Тверская область;12621;57.2414972;37.8289387
г. Боровск;Калужская область;12598;55.213159;36.49266
станица Шелковская;Чеченская Республика;12593;43.5081217;46.3361348
пгт Колывань рп;Новосибирская область;12585;55.3088329;82.7385807
село Серноводское;Чеченская Республика;12583;43.3094275;45.1622631
г. Сясьстрой;Ленинградская область;12566;60.1401742;32.5601477
пгт Борисовка;Белгородская область;12553;50.5968539;36.0121004
г. Фокино;Брянская область;12538;53.455406;34.4158764
г. Петров Вал;Волгоградская область;12526;50.1379475;45.2091087
село Касумкент;Республика Дагестан;12502;41.6773747;48.1524797
пгт Инской;Кемеровская область;12499;54.4331375;86.4285303
село Началово;Астраханская область;12459;46.3393262;48.1855317
г. Ак-Довурак;Республика Тыва;12456;51.1785666;90.5985491
село Герменчук;Чеченская Республика;12456;43.1871357;45.9202154
г. Урень;Нижегородская область;12450;57.4611222;45.7833981
станица Натухаевская;Краснодарский край;12442;44.912115;37.569543
г. Могоча;Забайкальский край;12390;53.7361435;119.7660029
село Молоково;Московская область;12361;55.5621962;37.8634995
пгт Степное рп;Саратовская область;12355;51.3777206;46.8440822
пгт Новоивановское рп;Московская область;12338;55.704886;37.3627129
пгт Каменоломни;Ростовская область;12327;47.6660812;40.2017586
г. Дрезна;Московская область;12295;55.744402;38.8498081
г. Полярный;Мурманская область;12293;69.1989597;33.4509962
г. Абаза;Республика Хакасия;12272;52.6516303;90.0885949
пгт Бутово рп;Московская область;12267;55.544886;37.589679
пгт Солнечный;Хабаровский край;12267;50.7232593;136.641949
пгт Гаспра;Республика Крым;12262;44.4302875;34.1057215
село Красный Яр;Астраханская область;12254;46.5341941;48.3491395
станица Марьянская;Краснодарский край;12215;45.10288;38.637591
пгт Гвардейское;Республика Крым;12209;45.1265602;34.0401982
станица Платнировская;Краснодарский край;12193;45.391675;39.3890707
пгт Карымское;Забайкальский край;12124;51.6256587;114.338954
пгт Чердаклы рп;Ульяновская область;12084;54.3605871;48.8487971
г. Шилка;Забайкальский край;12046;51.849667;116.0335573
г. Хвалынск;Саратовская область;12042;52.4950179;48.104556
г. Уяр;Красноярский край;12036;55.8132043;94.3282703
г. Камешково;Владимирская область;12028;56.3489473;40.9955538
пгт Красногорский;Челябинская область;12023;54.6056842;61.229411
г. Покровск;Республика Саха (Якутия);12021;61.4843708;129.1481635
село Месягутово;Республика Башкортостан;12019;55.5339811;58.2445617
село Ногир;Республика Северная Осетия — Алания;12011;43.0810645;44.6360537
село Надежда;Ставропольский край;12006;45.0515695;42.1066152
посёлок Буланаш;Свердловская область;11989;57.2767319;61.9906355
село Заюково;Кабардино-Балкарская Республика;11976;43.616867;43.3478092
г. Медвежьегорск;Республика Карелия;11962;62.9127723;34.4567764
пгт Таврическое рп;Омская область;11960;54.5845492;73.6380531
пгт Белиджи;Республика Дагестан;11957;41.8751564;48.390587
посёлок Клетня;Брянская область;11947;53.3900055;33.2167403
село Ботлих;Республика Дагестан;11944;42.667176;46.211035
г. Волосово;Ленинградская область;11931;59.4445014;29.4923947
пгт Курагино;Красноярский край;11908;53.8885664;92.6676056
пгт Чегдомын;Хабаровский край;11895;51.1371055;133.0337387
станица Старокорсунская;Краснодарский край;11889;45.0561203;39.3102759
село Майртуп;Чеченская Республика;11886;43.2038614;46.1310229
г. Катайск;Курганская область;11881;56.2906738;62.580102
село Криводановка;Новосибирская область;11874;55.0816784;82.6618354
г. Обоянь;Курская область;11844;51.2119712;36.2753812
село Ягодное;Самарская область;11801;53.6109078;49.039421
село Ивановка;Оренбургская область;11800;51.7195302;55.1957189
г. Струнино;Владимирская область;11774;56.3749617;38.584045
г. Шагонар;Республика Тыва;11772;51.5348034;92.9198908
село Починки;Нижегородская область;11761;54.6976769;44.8619614
село Исламей;Кабардино-Балкарская Республика;11760;43.6719196;43.454931
г. Пересвет;Московская область;11752;56.4157995;38.1732221
г. Кременки;Калужская область;11745;54.8863861;37.1169108
г. Долинск;Сахалинская область;11740;47.3255882;142.7946443
г. Бабаево;Вологодская область;11739;59.3891397;35.93776
станица Курская;Ставропольский край;11692;44.042508;44.4623763
посёлок Глебовский;Московская область;11678;55.9421104;36.7071367
пгт Ульяновка;Ленинградская область;11676;59.6362284;30.7579901
пгт Арти;Свердловская область;11657;56.422769;58.534808
пгт Богандинский рп;Тюменская область;11627;56.8928747;65.8914569
пгт Алексеевское;Республика Татарстан;11613;55.3070837;50.118974
село Пестрецы;Республика Татарстан;11601;55.7532665;49.6508412
станица Новоминская;Краснодарский край;11595;46.3161303;38.9526552
деревня Николо-Хованское;Москва;11590;55.595242;37.448806
г. Далматово;Курганская область;11584;56.2619775;62.9388144
пгт Черноморское;Республика Крым;11581;45.5094145;32.7036135
г. Чаплыгин;Липецкая область;11579;53.2405755;39.9670134
пгт Некрасовский рп;Московская область;11574;56.08666;37.49753
г. Чкаловск;Нижегородская область;11535;56.7651251;43.2421425
село Курсавка;Ставропольский край;11517;44.4535115;42.4931708
г. Торопец;Тверская область;11441;56.5012458;31.6355259
село Аллерой;Чеченская Республика;11436;43.2154174;46.2837367
пгт Жатай;Республика Саха (Якутия);11436;62.1639455;129.8413435
пгт Михнево рп;Московская область;11425;55.1210682;37.9588137
г. Сосенский;Калужская область;11413;54.0565918;35.9621281
пгт Краснобродский;Кемеровская область;11406;54.1583032;86.4422943
село Михайловка;Республика Башкортостан;11389;54.814191;55.8848501
село Аксай;Республика Дагестан;11380;43.374674;46.4460149
г. Закаменск;Республика Бурятия;11365;50.3726514;103.2868065
пгт Кадуй;Вологодская область;11343;59.1995356;37.1499969
пгт Светлый Яр рп;Волгоградская область;11322;48.4757348;44.7799923
станица Ханская;Республика Адыгея;11319;44.6747713;39.9611215
станица Октябрьская;Краснодарский край;11319;46.2796049;39.8134686
село Миасское;Челябинская область;11296;55.2821469;61.8915011
село Успенское;Краснодарский край;11286;44.8308328;41.3924546
пгт Комсомольский;Республика Мордовия;11255;54.4405075;45.8280052
станица Старомышастовская;Краснодарский край;11250;45.3402525;39.076881
село Красноусольский;Республика Башкортостан;11241;53.8940775;56.485574
станица Казанская;Краснодарский край;11234;45.408013;40.4411384
станица Лысогорская;Ставропольский край;11220;44.1048944;43.2746594
станица Новомышастовская;Краснодарский край;11218;45.1942522;38.5866535
пгт Грамотеино;Кемеровская область;11217;54.5163486;86.3734225
пгт Полазна;Пермский край;11200;58.2949213;56.4051544
поселок Володарский;Астраханская область;11200;46.4042862;48.5431477
село Богучаны;Красноярский край;11192;58.3799814;97.4450248
г. Сураж;Брянская область;11176;53.0169704;32.3938281
пгт Мга;Ленинградская область;11150;59.7525317;31.055914
рп Таловая;Воронежская область;11136;51.1193315;40.7253669
пгт Пангоды;Ямало-Ненецкий автономный округ;11132;65.8579843;74.4905208
село Леваши;Республика Дагестан;11128;42.431719;47.322952
посёлок Южный;Краснодарский край;11125;45.1623376;39.0227018
посёлок Тульский;Республика Адыгея;11114;44.509996;40.171887
пгт Первомайский;Забайкальский край;11112;51.6691974;115.6383434
г. Нариманов;Астраханская область;11104;46.6916195;47.850182
село Чугуевка;Приморский край;11101;44.1646124;133.8656552
село Сунжа;Республика Северная Осетия — Алания;11086;43.0657044;44.8152702
село Кармаскалы;Республика Башкортостан;11076;54.3626723;56.1592868
пгт Красногвардейское;Республика Крым;11073;45.4948359;34.2946458
г. Горнозаводск;Пермский край;11073;58.3742831;58.3231282
посёлок Новоорск;Оренбургская область;11071;51.381605;58.9861689
станица Пластуновская;Краснодарский край;11070;45.2945502;39.2654805
пгт Междуреченский;Ханты-Мансийский автономный округ — Югра;11067;59.5903912;65.9093328
пгт Ноглики;Сахалинская область;11066;51.7964084;143.13302
село Завьялово;Удмуртская Республика;11066;56.7863245;53.3741786
пгт Шамхал;Республика Дагестан;11057;43.0579407;47.3406744
г. Чулым;Новосибирская область;11034;55.0906087;80.9592709
село Гелдаган;Чеченская Республика;11021;43.2142917;46.0394156
г. Лихославль;Тверская область;11017;57.1222374;35.466806
село Самарское;Ростовская область;11015;46.936978;39.692995
пгт Атамановка;Забайкальский край;11014;51.9294031;113.6370181
г. Киренск;Иркутская область;10998;57.7758183;108.1109212
пгт Мокшан рп;Пензенская область;10997;53.4419154;44.6088941
пгт Зубова Поляна;Республика Мордовия;10996;54.0817752;42.8372217
г. Емва;Республика Коми;10994;62.59649;50.8731404
г. Звенигово;Республика Марий Эл;10994;55.9739363;48.0170564
г. Аркадак;Саратовская область;10990;51.9387462;43.4999365
г. Белоусово;Калужская область;10946;55.0956194;36.6776125
пгт Ровеньки;Белгородская область;10939;49.9291845;38.8661096
пгт Октябрьское;Республика Крым;10932;45.2923532;34.1318466
село Кизляр;Республика Северная Осетия — Алания;10923;43.7022081;44.5955701
село Мирное;Республика Крым;10921;44.979417;34.0656921
пгт Мамедкала;Республика Дагестан;10912;42.1701224;48.1192297
село Надтеречное;Чеченская Республика;10902;43.623491;45.339274
пгт Славянка;Приморский край;10895;42.8650057;131.3855955
пгт Алексеевка;Самарская область;10877;53.2506239;50.4904685
село Сотниково;Республика Бурятия;10871;51.8810575;107.4751877
станица Наурская;Чеченская Республика;10840;43.6498944;45.3093719
пгт Вычегодский;Архангельская область;10839;61.2478088;46.8824485
пгт Верхнеднепровский;Смоленская область;10831;54.9814825;33.3449149
станица Тамань;Краснодарский край;10827;45.215487;36.7184846
пгт Могойтуй;Забайкальский край;10809;51.2872774;114.9403033
г. Ермолино;Калужская область;10809;55.1971687;36.5951686
село Нижний-Нойбер;Чеченская Республика;10807;43.2701552;46.2770258
село Коркмаскала;Республика Дагестан;10805;43.0247335;47.2903585
пгт Любинский рп;Омская область;10803;55.1538068;72.692941
г. Александровск;Пермский край;10780;59.1613336;57.5764761
пгт Новоспасское рп;Ульяновская область;10780;53.1474499;47.7657059
село Бураево;Республика Башкортостан;10752;55.8437092;55.4075469
посёлок Увельский;Челябинская область;10747;54.4410977;61.3605412
станица Кривянская;Ростовская область;10720;47.3952116;40.1674625
рп Кантемировка;Воронежская область;10715;49.7021092;39.8541918
село Прасковея;Ставропольский край;10695;44.7447954;44.202392
село Чегем Второй;Кабардино-Балкарская Республика;10689;43.5961488;43.6040107
посёлок Акбулак;Оренбургская область;10688;51.0013333;55.6161528
г. Новая Ляля;Свердловская область;10684;59.0539259;60.5945478
пгт Первомайский рп;Тамбовская область;10674;53.2496318;40.285578
пгт Воротынск;Калужская область;10667;54.4689577;36.0423511
пгт Псебай;Краснодарский край;10666;44.1159983;40.7986812
станица Анастасиевская;Краснодарский край;10664;45.2156158;37.8946707
село Нежинка;Оренбургская область;10656;51.7664565;55.3632141
станица Нововеличковская;Краснодарский край;10654;45.2757392;38.840495
пгт Заречье рп;Московская область;10649;55.687949;37.396236
хутор Ленина;Краснодарский край;10644;45.019073;39.209459
пгт Киевский рп;Москва;10636;55.430317;36.867529
г. Невельск;Сахалинская область;10608;46.6527078;141.8631361
деревня Давыдово;Московская область;10601;55.6077027;38.8587391
пгт Альбурикент;Республика Дагестан;10600;42.9730197;47.4692398
село Нижний Саянтуй;Республика Бурятия;10580;51.723963;107.4874109
г. Заозерный;Красноярский край;10573;55.9617578;94.7091532
пгт Им. Морозова;Ленинградская область;10573;59.9745249;31.0350135
посёлок Гигант;Ростовская область;10572;46.5062645;41.3384513
село Выльгорт;Республика Коми;10564;61.6221853;50.7529006
пгт Советский;Республика Марий Эл;10564;56.7608437;48.4793312
пгт Благовещенка рп;Алтайский край;10558;52.8339626;79.8687759
пгт Иловля рп;Волгоградская область;10555;49.3012175;43.9827662
пгт Усть-Кинельский;Самарская область;10547;53.2685394;50.5865001
г. Тетюши;Республика Татарстан;10535;54.9366518;48.8314309
станица Александрийская;Ставропольский край;10525;44.2263686;43.3417996
пгт Вурнары;Чувашская Республика;10522;55.4902479;46.9581059
посёлок Сибирский;Алтайский край;10520;53.5611624;83.815586
пгт Уруссу;Республика Татарстан;10520;54.594466;53.4619055
г. Карабаш;Челябинская область;10514;55.4852541;60.2359149
г. Южно-Сухокумск;Республика Дагестан;10503;44.6601275;45.6499464
село Ленинаул;Республика Дагестан;10494;43.0951126;46.5736335
г. Старый Крым;Республика Крым;10470;45.0291074;35.09002
рп Коноша;Архангельская область;10470;60.9735206;40.2565774
село Икряное;Астраханская область;10452;46.0915219;47.7280088
село Гайдук;Краснодарский край;10450;44.7836983;37.6992457
г. Называевск;Омская область;10434;55.5688824;71.3502996
село Смоленка;Забайкальский край;10429;52.1428423;113.5131166
пгт Волоконовка;Белгородская область;10426;50.486166;37.841127
поселок Русский;Приморский край;10424;43.0170989;131.9062717
село Поспелиха;Алтайский край;10423;51.9828781;81.8278358
пгт Ишеевка рп;Ульяновская область;10411;54.4300984;48.2567446
г. Судогда;Владимирская область;10408;55.9497797;40.8562246
пгт Андреевка рп;Московская область;10397;55.980951;37.130937
г. Вытегра;Вологодская область;10386;61.0062768;36.4494359
пгт Эльбан;Хабаровский край;10382;50.0923754;136.5043108
г. Нязепетровск;Челябинская область;10379;56.0537388;59.6096125
село Варна;Челябинская область;10365;53.382219;60.9754392
пгт Загорянский дп;Московская область;10358;55.9273125;37.913204
пгт Шерловая Гора;Забайкальский край;10335;50.5240582;116.3187223
г. Кораблино;Рязанская область;10334;53.9246459;40.0228608
село Толстой-Юрт;Чеченская Республика;10318;43.4453239;45.7779211
станица Сторожевая;Карачаево-Черкесская Республика;10315;43.8867759;41.4529002
посёлок Целина;Ростовская область;10303;46.5364864;41.0295108
г. Михайлов;Рязанская область;10303;54.2296594;39.0089977
село Сунтар;Республика Саха (Якутия);10302;62.1605346;117.6475032
г. Балей;Забайкальский край;10286;51.5823213;116.6378924
г. Юрюзань;Челябинская область;10284;54.8545792;58.4227313
село Бакалы;Республика Башкортостан;10282;55.179619;53.7955899
станица Тацинская;Ростовская область;10276;48.1927377;41.2833169
посёлок Знаменский;Краснодарский край;10248;45.054047;39.150206
г. Печоры;Псковская область;10247;57.8146275;27.6223949
село Чурапча;Республика Саха (Якутия);10235;61.9965931;132.4404364
пгт Первомайский рп;Тульская область;10234;54.0364215;37.5038945
пгт Усть-Донецкий;Ростовская область;10203;47.6406452;40.8657709
село Новые-Атаги;Чеченская Республика;10203;43.1321714;45.7754919
станица Старонижестеблиевская;Краснодарский край;10196;45.3795513;38.4394969
село Илек;Оренбургская область;10191;51.5274425;53.3895185
пгт Новосемейкино;Самарская область;10185;53.3754184;50.3474344
станица Кавказская;Краснодарский край;10177;45.4435993;40.6725089
пгт Новомихайловский кп;Краснодарский край;10168;44.2524875;38.84655
г. Ворсма;Нижегородская область;10162;55.9900857;43.271864
пгт Грэсовский;Республика Крым;10156;45.0075607;34.0274743
село Октябрьское;Республика Северная Осетия — Алания;10149;43.0568678;44.7479999
село Кандры;Республика Башкортостан;10138;54.5528271;54.1079359
г. Нюрба;Республика Саха (Якутия);10138;63.2828167;118.3242111
село Губден;Республика Дагестан;10135;42.5647568;47.5648694
г. Щелкино;Республика Крым;10131;45.429063;35.824849
поселок Кез;Удмуртская Республика;10131;57.8954663;53.7119456
село Черниговка;Приморский край;10124;44.3357827;132.584928
г. Сорск;Республика Хакасия;10124;54.0002213;90.2595362
г. Верхний Тагил;Свердловская область;10113;57.3764301;59.9516631
г. Горняк;Алтайский край;10112;50.997888;81.4642742
пгт Панковка рп;Новгородская область;10109;58.4936156;31.2028274
село Белый Яр;Республика Хакасия;10107;53.5967591;91.3831676
село Чиркей;Республика Дагестан;10098;42.9619962;46.9776845
пгт Черлак рп;Омская область;10098;54.1551444;74.8044777
пгт Вербилки рп;Московская область;10089;56.527977;37.607008
село Аргаяш;Челябинская область;10084;55.4885901;60.8760921
пгт Лесной рп;Московская область;10082;56.0804067;37.927969
г. Камбарка;Удмуртская Республика;10080;56.2661087;54.1933587
пгт Ракитное;Белгородская область;10048;50.8341295;35.8328175
пгт Правдинский рп;Московская область;10046;56.055861;37.854484
посёлок Троицкий;Свердловская область;10045;57.0604762;63.7419345
село Султан-Янги-Юрт;Республика Дагестан;10043;43.221951;46.867384
г. Вилюйск;Республика Саха (Якутия);10032;63.7516474;121.6273185
г. Эртиль;Воронежская область;10024;51.8310021;40.8074241
г. Кемь;Республика Карелия;10018;64.954405;34.5948717
село Яндаре;Республика Ингушетия;9999;43.2735825;44.9121755
село Джалка;Чеченская Республика;9999;43.3220547;45.9952358
г. Малая Вишера;Новгородская область;9996;58.8458726;32.2246693
село Барда;Пермский край;9972;56.9272348;55.5914645
село Кенже;Кабардино-Балкарская Республика;9969;43.496984;43.5530401
пгт Хор;Хабаровский край;9952;47.8852453;134.9573629
пгт Озерный;Тверская область;9951;57.8696381;33.6927767
г. Окуловка;Новгородская область;9949;58.3910081;33.2902998
г. Хилок;Забайкальский край;9948;51.3634431;110.459139
село Толбазы;Республика Башкортостан;9946;54.0133678;55.8889445
г. Снежногорск;Мурманская область;9942;69.1920969;33.2383187
г. Опочка;Псковская область;9928;56.7107719;28.6716253
село Намцы;Республика Саха (Якутия);9925;62.7194023;129.6616708
г. Дигора;Республика Северная Осетия — Алания;9922;43.1567618;44.1551309
г. Таруса;Калужская область;9918;54.7236058;37.1670569
пгт Прогресс;Амурская область;9918;49.742924;129.676033
село  Буздяк;Республика Башкортостан;9915;54.5704581;54.5338544
пгт Шерегеш;Кемеровская область;9911;52.9212267;87.989467
село Актаныш;Республика Татарстан;9905;55.7232732;54.0497816
пгт Пограничный;Приморский край;9902;44.4081071;131.3790798
г. Тюкалинск;Омская область;9894;55.8704699;72.1954829
г. Задонск;Липецкая область;9887;52.4004907;38.9204593
станица Советская;Краснодарский край;9882;44.7740752;41.1742953
посёлок Большой Исток;Свердловская область;9881;56.7212899;60.7696645
пгт Залари рп;Иркутская область;9879;53.5534447;102.4970798
пгт Знаменка;Орловская область;9871;52.8923994;35.9731574
г. Ивангород;Ленинградская область;9861;59.3766122;28.2231959
пгт Богородское рп;Московская область;9860;56.496115;38.180097
пгт Никель;Мурманская область;9858;69.4100371;30.210126
п. Залукокоаже;Кабардино-Балкарская Республика;9849;43.9008181;43.2199323
пгт Куйтун рп;Иркутская область;9838;54.3237921;101.5081197
село Нагаево;Республика Башкортостан;9820;54.6228953;56.1090759
пгт Лопатино рп;Московская область;9814;55.52861;37.646417
село Шипуново;Алтайский край;9810;52.2200147;82.2584301
станица Ассиновская;Чеченская Республика;9809;43.243613;45.1834859
село Кушнаренково;Республика Башкортостан;9801;55.1049401;55.3541071
пгт Сулак;Республика Дагестан;9793;43.2463522;47.4754388
пгт Прохоровка;Белгородская область;9790;51.0343709;36.7332157
село Винсады;Ставропольский край;9785;44.0855356;42.9592774
село Хасанья;Кабардино-Балкарская Республика;9772;43.4334723;43.576227
г. Зуевка;Кировская область;9767;58.4032297;51.1331433
г. Михайловск;Свердловская область;9756;56.4370705;59.1138506
село Хороль;Приморский край;9742;44.4273668;132.074934
село Юца;Ставропольский край;9736;43.9822469;43.0120385
г. Чадан;Республика Тыва;9732;51.2844579;91.5789893
село Дылым;Республика Дагестан;9731;43.070787;46.637188
пгт Большеречье рп;Омская область;9731;56.099857;74.6451843
посёлок Отрадное;Воронежская область;9709;51.6718356;39.3118635
г. Володарск;Нижегородская область;9705;56.2170206;43.1597766
пгт Нижняя Мактама;Республика Татарстан;9695;54.8622159;52.4269475
пгт Мошково рп;Новосибирская область;9691;55.3052342;83.6086529
пгт Первомайский;Челябинская область;9691;54.866519;61.1703463
станица Червленная;Чеченская Республика;9683;43.5027109;45.885417
станица Ивановская;Краснодарский край;9669;45.269325;38.4652476
г. Белая Холуница;Кировская область;9659;58.8414441;50.8462236
пгт Тяжинский;Кемеровская область;9658;56.111272;88.5213239
г. Анива;Сахалинская область;9638;46.7132593;142.5267017
пгт Редкино;Тверская область;9634;56.6498752;36.2946798
село Валерик;Чеченская Республика;9626;43.1785986;45.4071399
пгт Земетчино рп;Пензенская область;9622;53.493771;42.629076
г. Завитинск;Амурская область;9615;50.1065631;129.4392892
станица Марьинская;Ставропольский край;9613;43.8793873;43.4858887
посёлок Новинки;Нижегородская область;9606;56.204794;43.879953
село Большая Глушица;Самарская область;9583;52.392779;50.4719565
хутор Трудобеликовский;Краснодарский край;9580;45.2688802;38.1592549
пгт Мурмаши;Мурманская область;9568;68.8152318;32.8123859
пгт Ветлужский;Костромская область;9548;58.3917363;45.4673893
село Шира;Республика Хакасия;9545;54.4872792;89.962873
г. Дорогобуж;Смоленская область;9528;54.9137573;33.3023998
село Красногвардейское;Республика Адыгея;9516;45.1436262;39.5895876
село Средняя Елюзань;Пензенская область;9505;53.0295171;45.9510437
пгт Советский;Республика Крым;9498;45.3404417;34.9290585
г. Болхов;Орловская область;9495;53.4439703;36.0078053
посёлок Погар;Брянская область;9484;52.5542392;33.2631079
деревня Кисловка;Томская область;9482;56.4130683;84.8706783
село Некрасовка;Хабаровский край;9479;48.3496989;135.2359454
п. Балакирево;Владимирская область;9474;56.5061716;38.8411059
пгт Чамзинка;Республика Мордовия;9464;54.4006039;45.7735872
посёлок Куеда;Пермский край;9457;56.4300856;55.5912902
пгт Ордынское рп;Новосибирская область;9455;54.3670931;81.8996106
село Супонево;Брянская область;9450;53.2080785;34.3196989
посёлок Отрадное;Московская область;9445;55.8727189;37.3200536
пгт Башмаково рп;Пензенская область;9414;53.21162;43.036642
пгт Гурзуф;Республика Крым;9412;44.547307;34.2914661
станица Константиновская;Ставропольский край;9412;44.0474124;43.1570943
г. Змеиногорск;Алтайский край;9410;51.1582201;82.1871572
село Долгодеревенское;Челябинская область;9407;55.3432191;61.3410101
пгт Молодежное;Республика Крым;9387;45.0056834;34.0539383
село Эндирей;Республика Дагестан;9373;43.1831636;46.6610573
пгт Муромцево рп;Омская область;9373;56.3712226;75.2364344
пгт Бисерть;Свердловская область;9365;56.8622605;59.0507022
пгт Верхняя Синячиха;Свердловская область;9362;57.983401;61.665526
пгт Серышево;Амурская область;9345;51.092482;128.382123
г. Болохово;Тульская область;9339;54.0820789;37.8267952
пгт Онохой;Республика Бурятия;9323;51.9266782;108.0661398
г. Вуктыл;Республика Коми;9322;63.8614446;57.3164541
село Верхнеяркеево;Республика Башкортостан;9317;55.4514569;54.3089379
поселок Юго-Камский;Пермский край;9310;57.7063295;55.5868968
посёлок Володарского;Московская область;9306;55.5025986;37.9430495
г. Гаджиево;Мурманская область;9297;69.2490793;33.3153536
посёлок Тюльган;Оренбургская область;9297;52.3410825;56.1571169
пгт Магдагачи;Амурская область;9295;53.450615;125.816961
село Екатеринославка;Амурская область;9291;50.3722364;129.1192931
г. Суздаль;Владимирская область;9286;56.4274679;40.4525414
посёлок Веселый;Ростовская область;9284;47.0913597;40.7407844
поселок Кизнер;Удмуртская Республика;9284;56.2835539;51.5165617
посёлок Пригородный;Оренбургская область;9274;51.7673892;55.2823844
пгт Яя;Кемеровская область;9273;56.2093929;86.4372165
г. Кувшиново;Тверская область;9262;57.0264295;34.1675909
пгт Нарышкино;Орловская область;9257;52.9659011;35.7254238
г. Неман;Калининградская область;9255;55.0315692;22.0323127
посёлок Чертково;Ростовская область;9247;49.381932;40.1537255
село Толмачево;Новосибирская область;9242;54.978981;82.7342446
пгт Аксубаево;Республика Татарстан;9242;54.8476814;50.8027879
станица Калиновская;Чеченская Республика;9239;43.574215;45.5212978
станица Обливская;Ростовская область;9235;48.5360518;42.5015691
станица Зольская;Ставропольский край;9227;43.904656;43.2977021
пгт Пышма;Свердловская область;9224;56.9534365;63.2470156
посёлок Молодежный;Иркутская область;9219;52.2325907;104.4177131
село Аскарово;Республика Башкортостан;9208;53.3363602;58.5114719
село Чечен-Аул;Чеченская Республика;9208;43.2001743;45.7874557
деревня Марусино;Московская область;9206;55.694327;37.974823
пгт Красная Поляна;Краснодарский край;9205;43.6803948;40.2073735
пгт Ардатов;Нижегородская область;9188;55.2383387;43.0971545
село Кагальник;Ростовская область;9177;47.0842152;39.3268675
станица Советская;Ставропольский край;9160;44.0273091;44.0434398
село Параул;Республика Дагестан;9151;42.7404227;47.352995
посёлок Ромоданово;Республика Мордовия;9139;54.4140302;45.3498938
пгт Новая Игирма рп;Иркутская область;9137;57.1408846;103.9209383
рп Октябрьский;Архангельская область;9137;61.0893661;43.1725308
пгт Базарный Карабулак рп;Саратовская область;9134;52.2798377;46.4083978
г. Луза;Кировская область;9122;60.6291221;47.2612708
станица Романовская;Ростовская область;9121;47.541349;42.0222215
пгт Новоаганск;Ханты-Мансийский автономный округ — Югра;9116;61.9457318;76.6675
пгт Кормиловка рп;Омская область;9108;55.0028653;74.1003175
село Омутинское;Тюменская область;9101;56.4756905;67.6647231
рп Плесецк;Архангельская область;9097;62.7093068;40.2851917
село Мраково;Республика Башкортостан;9092;52.7173175;56.6231994
г. Лаишево;Республика Татарстан;9076;55.4044003;49.5499442
село Сергиевск;Самарская область;9070;53.9414844;51.1665832
г. Алупка;Республика Крым;9063;44.4164386;34.0445741
пгт Новониколаевский рп;Волгоградская область;9059;50.9740307;42.3667672
село Верхнее Казанище;Республика Дагестан;9048;42.7341268;47.1365899
пгт Пролетарский;Белгородская область;9040;50.7912455;35.7693787
пгт Луховка;Республика Мордовия;9036;54.1477603;45.2522724
пгт Октябрьский;Пермский край;9036;56.5151623;57.2048485
станица Григорополисская;Ставропольский край;9026;45.3019466;41.0554241
пгт Вахруши;Кировская область;9024;58.6845785;50.0264896
г. Теберда;Карачаево-Черкесская Республика;9020;43.443861;41.7413622
г. Кола;Мурманская область;9016;68.8786363;33.0262181
рп Лиман рп;Астраханская область;9014;45.7818947;47.2238153
село Троицкое;Алтайский край;9006;52.9821368;84.6782565
г. Перевоз;Нижегородская область;8999;55.5969416;44.5449538
посёлок Путевка;Брянская область;8985;53.2629494;34.2965856
пгт Торбеево;Республика Мордовия;8970;54.0744698;43.2458945
пгт Горный рп;Новосибирская область;8967;55.1188746;83.8982072
посёлок Добринка;Липецкая область;8965;52.1667935;40.4722007
пгт Серебряные Пруды рп;Московская область;8960;54.4739901;38.7250143
пгт Краснозерское рп;Новосибирская область;8955;53.9838597;79.2385423
село Серафимовский;Республика Башкортостан;8954;54.4226626;53.7901818
г. Верхнеуральск;Челябинская область;8929;53.8761912;59.2170233
пгт Москаленки рп;Омская область;8927;54.9390956;71.932888
г. Бодайбо;Иркутская область;8921;57.8468765;114.186623
пгт Новокручининский;Забайкальский край;8917;51.7622569;113.814248
село Борское;Самарская область;8916;53.025415;51.6989348
посёлок Горки-10;Московская область;8911;55.702691;37.023534
село Аргудан;Кабардино-Балкарская Республика;8910;43.4169355;43.910951
г. Краснослободск;Республика Мордовия;8910;54.4249405;43.7844974
г. Рудня;Смоленская область;8908;54.9441983;31.0794574
село Михайловское;Алтайский край;8907;51.8190732;79.7106656
г. Заволжск;Ивановская область;8896;57.4917659;42.1374194
пгт Шатки;Нижегородская область;8893;55.1881259;44.1279631
село Мысхако;Краснодарский край;8876;44.6572942;37.7605108
посёлок Лев Толстой;Липецкая область;8875;53.212168;39.4470833
село Баклаши;Иркутская область;8869;52.2257565;104.0488212
село Левокумское;Ставропольский край;8859;44.822971;44.6601532
г. Ардатов;Республика Мордовия;8857;54.8465347;46.2411995
пгт Ашукино дп;Московская область;8855;56.161893;37.945159
г. Александровск-Сахалинский;Сахалинская область;8854;50.8974526;142.157829
г. Каргополь;Архангельская область;8849;61.500842;38.9637077
село Гвардейское;Чеченская Республика;8836;43.6727947;44.966811
станица Вешенская;Ростовская область;8828;49.6316446;41.7283972
пгт Богатые Сабы;Республика Татарстан;8828;56.017825;50.44529
село Сергокала;Республика Дагестан;8803;42.4543245;47.6628201
посёлок Бреды;Челябинская область;8792;52.422263;60.3368885
пгт Октябрьский;Белгородская область;8785;50.4357451;36.3507885
пгт Роза;Челябинская область;8780;54.9156817;61.457383
село Ахмат-Юрт;Чеченская Республика;8778;43.2223312;46.2489719
село Александров Гай;Саратовская область;8772;50.1437332;48.5857897
село Песчанокопское;Ростовская область;8765;46.1709117;41.0751235
село Акъяр;Республика Башкортостан;8760;51.863677;58.217246
станица Фастовецкая;Краснодарский край;8729;45.9173266;40.1521028
село Бичура;Республика Бурятия;8728;50.5886672;107.5969702
село Камень-Рыболов;Приморский край;8723;44.7400918;132.0421814
село Солдато-Александровское;Ставропольский край;8721;44.2630236;43.7548782
аул Псыж;Карачаево-Черкесская Республика;8720;44.2350106;42.0157777
село Шамхал-Термен;Республика Дагестан;8719;43.034522;47.3139603
посёлок Баранчинский;Свердловская область;8701;58.162194;59.6965354
село Зубово;Республика Башкортостан;8691;54.6180115;55.907477
село Кабардинка;Краснодарский край;8690;44.651476;37.938288
пгт Обухово рп;Московская область;8689;55.4892364;36.6480857
село Покровка;Приморский край;8687;43.9508747;131.6355913
посёлок Суземка;Брянская область;8672;52.3158188;34.0799301
г. Тотьма;Вологодская область;8669;59.9735757;42.7589109
село Павловская Слобода;Московская область;8668;55.814342;37.081543
посёлок Васильково;Калининградская область;8667;54.7435734;20.5827163
пгт Морки;Республика Марий Эл;8667;56.4288692;48.998715
пгт Углеуральский;Пермский край;8666;58.9405977;57.5870001
г. Белинский;Пензенская область;8656;52.9640714;43.4183148
поселок Плеханово;Тульская область;8652;54.1918898;37.6153644
село Хоринск;Республика Бурятия;8650;52.161405;109.7750671
г. Серафимович;Волгоградская область;8633;49.5662844;42.7359498
г. Бирюсинск;Иркутская область;8632;55.9609285;97.8204071
пгт Тымовское;Сахалинская область;8629;50.8474923;142.6640969
село Заброды;Воронежская область;8626;50.413453;41.043265
село Михайловка;Приморский край;8618;43.9256437;132.0039104
село Комсомольское;Республика Дагестан;8613;43.1967502;46.8976814
поселок Мегет;Иркутская область;8605;52.418255;104.056913
пгт Быково рп;Московская область;8594;55.629035;38.0708229
село Большеустьикинское;Республика Башкортостан;8591;55.9497119;58.2671739
станица Нижнебаканская;Краснодарский край;8590;44.866611;37.8665691
село Покойное;Ставропольский край;8584;44.8097338;44.2459987
пгт Черноморский;Краснодарский край;8574;44.8480033;38.4980276
г. Волчанск;Свердловская область;8573;59.9351719;60.0798847
пгт Локомотивный;Челябинская область;8559;53.0451319;60.6139527
г. Верхняя Тура;Свердловская область;8554;58.3643476;59.8266368
село Киргиз-Мияки;Республика Башкортостан;8535;53.6308337;54.8036237
село Баксаненок;Кабардино-Балкарская Республика;8531;43.6961372;43.6552476
село Муцалаул;Республика Дагестан;8530;43.269089;46.7313069
г. Микунь;Республика Коми;8527;62.3579077;50.0719244
г. Кирс;Кировская область;8520;59.33997;52.2414253
станица Родниковская;Краснодарский край;8517;44.7659489;40.6593546
пгт Марьяновка рп;Омская область;8515;54.9616429;72.6432778
Верхние Ачалуки;Республика Ингушетия;8506;43.3476541;44.7019208
г. Петухово;Курганская область;8502;55.0650223;67.887357
рп Рамонь;Воронежская область;8500;51.9110482;39.3330093
г. Миньяр;Челябинская область;8500;55.070961;57.5484366
село Сармаково;Кабардино-Балкарская Республика;8498;43.7404215;43.1954818
пгт Ясногорск;Забайкальский край;8493;50.8739558;115.6919581
пгт Малышева;Свердловская область;8490;57.1053014;61.4150491
село Култаево;Пермский край;8476;57.8937927;55.9342434
село Волчиха;Алтайский край;8470;52.0195954;80.3651069
посёлок Локоть;Брянская область;8469;52.5609693;34.576992
посёлок Переволоцкий;Оренбургская область;8467;51.8756377;54.190413
село Михайловское;Республика Северная Осетия — Алания;8460;43.1001169;44.6324889
пгт Сосновское;Нижегородская область;8456;55.8042973;43.1683978
г. Сольцы;Новгородская область;8449;58.1201114;30.3093037
г. Уржум;Кировская область;8448;57.1096447;50.0057438
село Кетово;Курганская область;8447;55.350284;65.330446
посёлок Мулино;Нижегородская область;8446;56.3166008;42.9467771
пгт Поварово дп;Московская область;8445;56.070877;37.057373
посёлок Тазовский;Ямало-Ненецкий автономный округ;8441;67.474257;78.714327
пгт Варгаши;Курганская область;8435;55.3740502;65.8090273
г. Сосновка;Кировская область;8428;56.2533838;51.2834974
поселок Солнечный;Красноярский край;8428;55.2799566;89.825436
пгт Суксун;Пермский край;8404;57.145019;57.3881376
село Вольно-Надеждинское;Приморский край;8403;43.368024;132.017178
г. Олекминск;Республика Саха (Якутия);8398;60.3758299;120.406085
посёлок Мичуринский;Свердловская область;8394;56.7906245;60.4728328
село Кожевниково;Томская область;8393;56.2595767;83.9689397
г. Харовск;Вологодская область;8389;59.9477575;40.2000112
г. Белозерск;Вологодская область;8375;60.0307953;37.7890155
село Доргели;Республика Дагестан;8375;42.6661787;47.29358
посёлок Романовка;Ленинградская область;8370;60.045679;30.701451
г. Комсомольск;Ивановская область;8364;57.0274378;40.3776619
г. Гремячинск;Пермский край;8360;58.5625994;57.8520359
посёлок Тарасовский;Ростовская область;8358;48.72927;40.3653073
село Мариинский;Республика Башкортостан;8356;53.6346336;55.8591184
село Ивановское;Ставропольский край;8354;44.5815517;41.8782695
село Коноково;Краснодарский край;8353;44.8604916;41.3242931
село Лямбирь;Республика Мордовия;8346;54.2827324;45.121895
село Бердыкель;Чеченская Республика;8346;43.2641604;45.8259721
г. Питкяранта;Республика Карелия;8340;61.5757784;31.4640251
село Кош-Агач;Республика Алтай;8334;49.9965086;88.6617476
г. Ельня;Смоленская область;8332;54.5837024;33.1749971
село Ножай-Юрт;Чеченская Республика;8330;43.0964902;46.3769457
станица Смоленская;Краснодарский край;8327;44.7812961;38.8020648
г. Липки;Тульская область;8325;53.9418272;37.7018693
село Верх-Тула;Новосибирская область;8324;54.8807039;82.7724146
г. Каргат;Новосибирская область;8316;55.1945401;80.2830997
село Нижняя Тавда;Тюменская область;8316;57.6672052;66.1773289
г. Мамоново;Калининградская область;8314;54.464546;19.9455317
посёлок Старый Городок;Московская область;8313;55.6016316;36.6928607
деревня Грановщина;Иркутская область;8302;52.473821;104.29047
село Исетское;Тюменская область;8290;56.4846352;65.323746
посёлок Адамовка;Оренбургская область;8288;51.51968;59.9358699
станица Михайловская;Краснодарский край;8286;45.008183;40.589217
г. Городовиковск;Республика Калмыкия;8285;46.087488;41.9354798
г. Болгар;Республика Татарстан;8285;54.9748591;49.0302714
село Столбище;Республика Татарстан;8285;55.6426189;49.21735
село Мельниково;Томская область;8274;56.5561055;84.0799471
пгт Яйва;Пермский край;8269;59.3264328;57.2553562
пгт Ярославский;Приморский край;8269;44.1853354;132.2249132
пгт Глубокий;Ростовская область;8266;48.5253484;40.3317057
село Кочубей;Республика Дагестан;8265;44.3920492;46.5459065
пгт Каргаполье;Курганская область;8265;55.955015;64.433883
г. Нолинск;Кировская область;8262;57.559657;49.9357836
станица Архонская;Республика Северная Осетия — Алания;8258;43.108389;44.5134447
г. Щучье;Курганская область;8252;55.2088135;62.7478816
село Мамонтово;Алтайский край;8251;52.7083839;81.6275415
село Гизель;Республика Северная Осетия — Алания;8234;43.0423065;44.5698906
станица Роговская;Краснодарский край;8233;45.729491;38.7381721
пгт Крестцы рп;Новгородская область;8221;58.2467968;32.5135518
поселок Абан;Красноярский край;8207;56.6768025;96.066308
г. Медынь;Калужская область;8200;54.9690537;35.8872647
село Красный Яр;Самарская область;8185;53.4980614;50.3892564
пгт Сернур;Республика Марий Эл;8183;56.9355013;49.1459869
пгт Балтаси;Республика Татарстан;8180;56.343114;50.222059
пгт Нижнегорский;Республика Крым;8178;45.4498223;34.7344972
станица Новотроицкая;Ставропольский край;8176;45.363829;41.5302927
г. Наволоки;Ивановская область;8167;57.4677494;41.960859
станица Архангельская;Краснодарский край;8163;45.67476;40.2817406
поселок Дубовка;Тульская область;8159;53.9209587;38.100576
село Чермен;Республика Северная Осетия — Алания;8156;43.1517737;44.7115351
пгт Тисуль;Кемеровская область;8153;55.7600154;88.311668
село Енотаевка;Астраханская область;8140;47.2437657;47.0300108
пгт Рощинский;Самарская область;8128;53.051227;50.495061
поселок Тавричанка;Приморский край;8108;43.324669;131.863548
село Абатское;Тюменская область;8094;56.2864487;70.4490937
станица Темиргоевская;Краснодарский край;8084;45.1107949;40.286472
село Майя;Республика Саха (Якутия);8075;61.7376051;130.2894553
поселок Сылва;Пермский край;8066;58.0305856;56.746339
пгт Каменка;Воронежская область;8057;50.7102638;39.4266513
пгт Смирных;Сахалинская область;8050;49.7459334;142.8353106
пгт Заветы Ильича;Хабаровский край;8050;49.0363099;140.269039
посёлок Персиановский;Ростовская область;8047;47.511515;40.1097947
село Муслюмово;Республика Татарстан;8043;55.3045111;53.189936
г. Углегорск;Сахалинская область;8041;49.0816208;142.0693748
деревня Голубое;Московская область;8039;55.984081;37.100297
станица Гребенская;Чеченская Республика;8035;43.531017;46.3719075
пгт Кировский;Приморский край;8033;45.091936;133.4987815
село Ермаковское;Красноярский край;8030;53.2757119;92.3912009
пгт Актюбинский;Республика Татарстан;8022;54.813677;52.810905
г. Нижние Серги;Свердловская область;8009;56.654536;59.2951639
пгт Новый Кяхулай;Республика Дагестан;8002;42.9365952;47.5224754
пгт Чаны рп;Новосибирская область;8000;55.3092135;76.7613906
п. Красная Горбатка;Владимирская область;7998;55.8699336;41.7721478
село Иволгинск;Республика Бурятия;7994;51.7459672;107.2754594
село Смоленское;Алтайский край;7992;52.3027106;85.0812314
село Кака-Шура;Республика Дагестан;7986;42.655463;47.387636
пгт Колышлей рп;Пензенская область;7978;52.7016783;44.5345634
село Лузино;Омская область;7973;54.9481139;73.0314946
станица Воронежская;Краснодарский край;7970;45.2141117;39.5635032
пгт Им. Карла Либкнехта;Курская область;7969;51.6188701;35.4770872
г. Облучье;Еврейская автономная область;7959;49.0189069;131.0539758
пгт Смышляевка;Самарская область;7958;53.2529671;50.3925315
пгт Красная Яруга;Белгородская область;7957;50.801297;35.656631
село Ново-Талицы;Ивановская область;7955;57.0070995;40.854888
рп Хохольский;Воронежская область;7954;51.5777967;38.7865594
пгт Свободный;Свердловская область;7942;58.0370355;60.3889861
село Цибанобалка;Краснодарский край;7923;44.8948984;37.3162896
г. Инсар;Республика Мордовия;7920;53.8770238;44.3697542
пгт Белый Яр рп;Томская область;7920;58.4426397;85.0473223
г. Ядрин;Чувашская Республика;7918;55.9406061;46.2020693
посёлок Западный;Челябинская область;7916;55.1131394;61.2745986
г. Юрьевец;Ивановская область;7899;57.3178419;43.1109647
село Тоцкое;Оренбургская область;7892;52.5252448;52.7445226
пгт Переяславка;Хабаровский край;7892;47.9976988;135.0888323
г. Советск;Тульская область;7889;53.9337354;37.6315146
село Орел-Изумруд;Краснодарский край;7874;43.455325;39.9201186
пгт Токсово;Ленинградская область;7869;60.1602169;30.5318695
г. Западная Двина;Тверская область;7869;56.2567388;32.0804461
г. Мариинский Посад;Чувашская Республика;7851;56.1119751;47.7142588
г. Дно;Псковская область;7850;57.8268333;29.962979
село Домодедово;Московская область;7848;55.4625837;37.6999947
пгт Выездное;Нижегородская область;7846;55.3823357;43.7814218
посёлок Новосиньково;Московская область;7844;56.378194;37.32916
г. Устюжна;Вологодская область;7843;58.8383627;36.4424779
посёлок Новосадовый;Белгородская область;7833;50.6448657;36.6827007
пгт Массандра;Республика Крым;7817;44.5147065;34.185992
г. Нея;Костромская область;7816;58.2944319;43.8781426
село Чесноковка;Республика Башкортостан;7815;54.6120868;55.9376595
село Кахун;Кабардино-Балкарская Республика;7814;43.5387265;43.8784602
пгт  Архара;Амурская область;7813;49.4222504;130.0871124
поселок Товарковский;Тульская область;7813;53.6808198;38.205573
село Топчиха;Алтайский край;7812;52.8205242;83.1213887
рп Новохопёрский;Воронежская область;7809;51.0810941;41.5679742
г. Городище;Пензенская область;7796;53.2727988;45.7026947
деревня Сабурово;Московская область;7794;55.882144;37.264067
село Грабово;Пензенская область;7792;53.3772957;45.0633992
село Бено-Юрт;Чеченская Республика;7792;43.6892236;45.0501239
г. Козловка;Чувашская Республика;7781;55.8405726;48.257817
деревня Родина;Псковская область;7772;57.8317899;28.2547073
село Краснохолмский;Республика Башкортостан;7767;55.9832835;55.048704
посёлок Яшкуль;Республика Калмыкия;7763;46.1717292;45.3407182
г. Заозерск;Мурманская область;7762;69.4003667;32.4501937
село Тербуны;Липецкая область;7760;52.1475164;38.2799812
село Рождествено;Московская область;7747;55.852962;37.0533097
пгт Звездный городок;Московская область;7738;55.877183;38.109202
пгт Инжавино рп;Тамбовская область;7738;52.3207015;42.4882573
село Троицкое;Омская область;7729;54.8660772;73.3021943
пгт Волжский;Самарская область;7727;53.4261421;50.1213899
село Аскиз;Республика Хакасия;7722;53.131948;90.5337504
пгт Рыздвяный рп;Ставропольский край;7719;45.2637716;41.842006
посёлок Салым;Ханты-Мансийский автономный округ — Югра;7719;60.0745511;71.4633287
пгт Лесной;Рязанская область;7718;54.2158709;40.4723818
село Новый Чиркей;Республика Дагестан;7708;43.1608595;47.0536858
г. Беломорск;Республика Карелия;7708;64.537889;34.7799577
село Аскино;Республика Башкортостан;7704;56.085552;56.5788033
посёлок Ждановский;Нижегородская область;7701;56.2101988;44.1016705
посёлок Воля;Воронежская область;7697;51.752869;39.502723
пгт Озинки рп;Саратовская область;7690;51.1990501;49.7291406
село Новое Шигалеево;Республика Татарстан;7685;55.815014;49.455148
село Исянгулово;Республика Башкортостан;7682;52.1900872;56.5829923
г. Ветлуга;Нижегородская область;7681;57.8558578;45.7762904
посёлок Большевик;Московская область;7679;54.903324;37.3609708
г. Олонец;Республика Карелия;7663;60.9793289;32.9725522
г. Никольск;Вологодская область;7661;59.5351389;45.4575489
пгт Оловянная;Забайкальский край;7646;50.9421926;115.575674
пгт Новоселье;Ленинградская область;7643;59.809048;30.077554
село Якшур-Бодья;Удмуртская Республика;7638;57.1855048;53.1594938
хутор Старая Станица;Ростовская область;7633;48.405831;39.938641
село Анзорей;Кабардино-Балкарская Республика;7631;43.354566;43.940087
станица Переясловская;Краснодарский край;7620;45.8409362;39.0218517
пгт Максатиха;Тверская область;7620;57.7934613;35.8752974
посёлок Березовый;Краснодарский край;7605;45.152797;38.991896
село Малая Пурга;Удмуртская Республика;7604;56.5557801;52.9988653
село Барсуки;Республика Ингушетия;7601;43.2609478;44.8092394
пгт Белореченский рп;Иркутская область;7598;52.813657;103.526348
пгт Рыбная Слобода;Республика Татарстан;7590;55.4525476;50.1481581
село Дуба-Юрт;Чеченская Республика;7584;43.0396803;45.7293275
станица Кардоникская;Карачаево-Черкесская Республика;7582;43.8627109;41.7166036
пгт Саргатское рп;Омская область;7579;55.6106228;73.4965591
г. Починок;Смоленская область;7575;54.4062854;32.4396891
село Мартан-Чу;Чеченская Республика;7571;43.060599;45.5566405
пгт Горный;Забайкальский край;7565;51.5554883;113.0369491
станица Преградная;Карачаево-Черкесская Республика;7553;43.952445;41.190232
пгт Приобье;Ханты-Мансийский автономный округ — Югра;7550;62.5373994;65.6282979
село Азово;Омская область;7545;54.704565;73.0237836
село Ребриха;Алтайский край;7544;53.0745515;82.3388958
пгт Дубровка;Ленинградская область;7544;59.8445077;30.9344514
г. Сычевка;Смоленская область;7544;55.8309066;34.2778002
посёлок Каменка;Ленинградская область;7542;60.446794;29.085724
село Подгородняя Покровка;Оренбургская область;7538;51.831963;54.976148
пгт Сосновка рп;Тамбовская область;7517;53.2329476;41.368191
село Верхний Мамон;Воронежская область;7505;50.1709878;40.401132
пгт Первомайское;Республика Крым;7499;45.716188;33.8576718
пгт Михайловка рп;Иркутская область;7489;52.95541;103.294022
село Ытык-Кюёль;Республика Саха (Якутия);7472;62.3606833;133.5598036
пгт Звездный;Пермский край;7469;57.7349223;56.3163952
село Каскара;Тюменская область;7467;57.1780097;65.9234514
село Ярково;Тюменская область;7458;57.4024715;67.0700511
посёлок Октябрьский;Новосибирская область;7448;55.1689382;83.1579072
село Никольское;Белгородская область;7443;50.4411799;36.5789122
поселок Ленинский;Тульская область;7442;54.1918898;37.6153644
пгт Дубинино гп;Красноярский край;7440;55.6251956;89.0934451
село Петропавловка;Республика Бурятия;7438;50.6099726;105.3176464
пгт Крапивинский;Кемеровская область;7437;55.0055448;86.7997194
пгт Оричи;Кировская область;7437;58.4014212;49.0596383
пгт Краснозатонский;Республика Коми;7436;61.6780577;50.9881702
село Родино;Алтайский край;7435;52.4951661;80.2055549
г. Новая Ладога;Ленинградская область;7432;60.1099983;32.3140783
село Хаджалмахи;Республика Дагестан;7429;42.416634;47.177392
пгт Таксимо;Республика Бурятия;7427;56.366156;114.8336835
село Первомайское;Республика Дагестан;7418;42.4952021;47.8944363
село Шаркан;Удмуртская Республика;7417;57.301127;53.8713037
село Новоселицкое;Ставропольский край;7416;44.7512921;43.4334159
посёлок Белые Берега;Брянская область;7412;53.2072479;34.6628394
село Дышне-Ведено;Чеченская Республика;7411;42.9611403;46.1179049
село Яр-Сале;Ямало-Ненецкий автономный округ;7410;66.8611361;70.8393501
село Каргасок;Томская область;7408;59.0566952;80.8607223
пгт Дергачи рп;Саратовская область;7406;51.236007;48.762756
село Николаевка;Ростовская область;7404;47.291145;38.844833
пгт Красносельский;Краснодарский край;7400;45.3913655;40.5997885
пгт Кяхулай;Республика Дагестан;7398;42.9632551;47.4822166
село Тамбовка;Амурская область;7394;50.0990556;128.0608873
посёлок Рощино;Челябинская область;7394;55.3106018;61.263409
пгт Томаровка;Белгородская область;7394;50.6823645;36.2352054
село Усады;Республика Татарстан;7388;55.6791078;49.2193693
посёлок Светлый;Томская область;7388;56.578536;85.103169
село Инарки;Республика Ингушетия;7383;43.4690204;44.5524802
рп Черёмушки;Республика Хакасия;7382;52.8506022;91.4198738
село Чикола;Республика Северная Осетия — Алания;7366;43.1948851;43.9206917
пгт Ленино;Республика Крым;7362;45.2948019;35.7714081
пгт Шолоховский;Ростовская область;7358;48.2804633;41.0429753
г. Пудож;Республика Карелия;7356;61.8059014;36.5330558
село Мильково;Камчатский край;7352;54.6954808;158.6200501
село Ташла;Оренбургская область;7352;51.7681071;52.7430699
пгт Нижний Одес;Республика Коми;7348;63.6373008;54.8337551
пгт Красные Баки;Нижегородская область;7348;57.1286004;45.1558749
пгт Вейделевка;Белгородская область;7347;50.1470353;38.4444868
село Верхняя Хава;Воронежская область;7344;51.8352891;39.8993571
станица Кумылженская;Волгоградская область;7342;49.881312;42.5905427
село Чонтаул;Республика Дагестан;7339;43.3035537;46.8597501
село Кошки;Самарская область;7338;54.2044304;50.4667014
село Дубовское;Ростовская область;7326;47.4122026;42.7709344
пгт Кузоватово рп;Ульяновская область;7325;53.5450464;47.6846566
посёлок Комаричи;Брянская область;7325;52.419059;34.7841212
г. Порхов;Псковская область;7309;57.7764464;29.5437852
аул Кошехабль;Республика Адыгея;7308;44.9001708;40.502843
поселок Малиновка;Кемеровская область;7299;54.00472;86.3907422
пгт Лежнево;Ивановская область;7297;56.7753825;40.886004
пгт Верхний Баскунчак рп;Астраханская область;7295;48.2283983;46.7248413
деревня Борисовичи;Псковская область;7293;57.8215329;28.2704845
село Верхние Татышлы;Республика Башкортостан;7291;56.2921737;55.8559102
рп Латная;Воронежская область;7285;51.6567505;38.8934259
село Галашки;Республика Ингушетия;7285;43.0808485;44.9843927
пгт Чульман;Республика Саха (Якутия);7285;56.8405022;124.9046993
село Мамоны;Иркутская область;7272;52.3073008;104.1589725
рабочий поселок Искателей;Ненецкий автономный округ;7266;67.6775487;53.1274184
пгт Ибреси;Чувашская Республика;7254;55.3082456;47.0336562
пгт Мирный;Самарская область;7246;53.5076335;50.2734382
пгт Игрим;Ханты-Мансийский автономный округ — Югра;7246;63.1867647;64.4032244
пгт Татищево рп;Саратовская область;7235;51.6705632;45.5947149
посёлок совхоза им. Ленина;Московская область;7234;55.584441;37.735405
пгт Раздольное;Республика Крым;7231;45.7701242;33.4880467
посёлок Первомайский;Оренбургская область;7231;51.5368172;55.0039194
пгт Новый Ургал;Хабаровский край;7231;51.0719257;132.5962333
пгт Лунино рп;Пензенская область;7227;53.603467;45.237658
село Боринское;Липецкая область;7220;52.4575546;39.3724108
село Энгель-Юрт;Чеченская Республика;7219;43.3246666;46.3561377
пгт Павлоградка рп;Омская область;7218;54.2033129;73.5634426
село Кошкельды;Чеченская Республика;7214;43.253074;46.3553173
поселок Верхнебаканский;Краснодарский край;7207;44.843971;37.6669512
пгт Советский;Ленинградская область;7197;60.5377406;28.6865369
г. Циолковский;Амурская область;7194;51.7623608;128.122093
г. Суоярви;Республика Карелия;7190;62.0786543;32.3498805
село Верхние Киги;Республика Башкортостан;7190;55.4076839;58.6001662
г. Каменногорск;Ленинградская область;7160;60.9508683;29.1309643
посёлок Лобва;Свердловская область;7153;59.1847204;60.5116275
г. Кириллов;Вологодская область;7149;59.8591197;38.3749866
станица Челбасская;Краснодарский край;7148;45.9769536;39.3608978
посёлок Домбаровский;Оренбургская область;7144;50.7602423;59.5405635
село Малка;Кабардино-Балкарская Республика;7143;43.7992055;43.3268112
пгт Быково рп;Волгоградская область;7142;49.7654019;45.388276
пгт Верховье;Орловская область;7140;52.802845;37.221694
пгт Карсун рп;Ульяновская область;7137;54.2008034;46.9808494
село Сарманово;Республика Татарстан;7134;55.252481;52.593027
пгт Ивня;Белгородская область;7134;51.0622821;36.1368886
село Октябрьское;Оренбургская область;7131;52.339572;55.512175
пгт Тлюстенхабль;Республика Адыгея;7130;44.9822086;39.0964715
пгт Жешарт;Республика Коми;7129;62.0953387;49.592191
пгт Большая Мурта;Красноярский край;7129;56.9044749;93.1512117
село Уллуая;Республика Дагестан;7127;42.3763937;47.3719096
село Анди;Республика Дагестан;7120;42.7849591;46.2626138
пгт Новошахтинский;Приморский край;7119;44.0266402;132.1671096
село Гамово;Пермский край;7118;57.8698562;56.097646
посёлок Коксовый;Ростовская область;7117;48.1981424;40.6482497
г. Бирюч;Белгородская область;7114;50.6483074;38.400546
г. Костерево;Владимирская область;7113;55.9336888;39.6248186
село Шарлык;Оренбургская область;7112;52.9260796;54.7413184
пгт Джубга кп;Краснодарский край;7111;44.3148727;38.7022408
село Пелагиада;Ставропольский край;7110;45.2026793;42.0150512
село Ключи;Алтайский край;7107;52.2530717;79.1680568
посёлок Совхозный;Свердловская область;7101;56.7625344;60.5562719
пгт Тумботино;Нижегородская область;7095;55.9956065;43.0127979
село Куруш;Республика Дагестан;7090;43.3849867;46.7564369
г. Салаир;Кемеровская область;7088;54.2350361;85.8029253
станица Саратовская;Краснодарский край;7083;44.7070881;39.2302098
пгт Кромы;Орловская область;7082;52.6894905;35.7735749
село Приволжье;Самарская область;7078;52.8580847;48.5919369
деревня Чапаево;Республика Хакасия;7071;53.6496085;91.3354501
пгт Приаргунск;Забайкальский край;7068;50.3648766;119.0917709
пгт Сосьва;Свердловская область;7063;60.404559;59.901077
посёлок  Каменномостский;Республика Адыгея;7057;44.31153;40.192791
г. Сковородино;Амурская область;7057;53.9870802;123.943599
пгт Нижние Вязовые;Республика Татарстан;7053;55.7981964;48.5243167
пгт Нижний Ингаш;Красноярский край;7051;56.2042834;96.5444927
посёлок Марьино;Москва;7040;55.548935;37.323669
село Семеновка;Республика Марий Эл;7039;56.6532633;47.9772327
село Гурбуки;Республика Дагестан;7022;42.6097925;47.5894101
село Старобалтачево;Республика Башкортостан;7022;56.0055281;55.9102956
село Октябрьский;Удмуртская Республика;7021;56.839217;53.323591
село Майское;Республика Северная Осетия — Алания;7016;43.1865166;44.7237844
пгт Сибирцево;Приморский край;7004;44.2061145;132.445447
село Языково;Республика Башкортостан;7004;54.6947201;55.0159092
посёлок Новый Свет;Ленинградская область;7000;59.5582689;30.1973034
станица Змейская;Республика Северная Осетия — Алания;6999;43.3357495;44.1580792
пгт Балахта;Красноярский край;6998;55.3862786;91.6269563
пгт Ковернино;Нижегородская область;6994;57.1255928;43.8166207
пгт Пачелма рп;Пензенская область;6994;53.3318049;43.3190593
село Архипо-Осиповка;Краснодарский край;6991;44.3713625;38.5314132
пгт Южно-Курильск;Сахалинская область;6991;44.0261542;145.8632886
село Псыгансу;Кабардино-Балкарская Республика;6990;43.4186506;43.7950031
село Московское;Ставропольский край;6985;45.284312;41.9165139
пгт Дунай;Приморский край;6980;42.8822297;132.332994
село Вилино;Республика Крым;6973;44.8449762;33.6548339
деревня Зверево;Москва;6970;55.4999763;36.9262108
село Верхневилюйск;Республика Саха (Якутия);6961;63.445964;120.315602
г. Андреаполь;Тверская область;6956;56.6508357;32.2620388
село Бердигестях;Республика Саха (Якутия);6956;62.096909;126.6997509
пгт Красное-на-Волге;Костромская область;6950;57.5093418;41.2398707
пгт Зауральский;Челябинская область;6950;54.7908852;61.2324656
село Новолуговое;Новосибирская область;6949;54.9776029;83.1211812
село Дивеево;Нижегородская область;6945;55.0366876;43.2468713
г. Старица;Тверская область;6938;56.5149837;34.9335122
г. Спасск;Пензенская область;6936;53.9270356;43.1858808
п. Ставрово;Владимирская область;6932;56.1287797;40.0124146
г. Малмыж;Кировская область;6931;56.5245433;50.6783448
г. Полесск;Калининградская область;6926;54.8625248;21.0998277
пгт Дедовичи;Псковская область;6922;57.54881;29.9450944
г. Мглин;Брянская область;6919;53.0600595;32.8467128
деревня Жилина;Орловская область;6915;53.0056198;36.0675783
село Агаповка;Челябинская область;6913;53.3028065;59.1406655
село Нижний Дженгутай;Республика Дагестан;6911;42.6987814;47.2430036
пгт Бутурлино;Нижегородская область;6906;55.5678547;44.9048518
станица Новодеревянковская;Краснодарский край;6899;46.3251569;38.7449868
село Дзержинское;Красноярский край;6895;56.8397204;95.2247653
г. Новосокольники;Псковская область;6895;56.3407572;30.1528369
село Старомарьевка;Ставропольский край;6889;45.0908007;42.221654
пгт Дмитриевка рп;Тамбовская область;6888;52.8907927;40.7915387
г. Пучеж;Ивановская область;6879;56.9820375;43.1684601
посёлок Большое Исаково;Калининградская область;6877;54.7181168;20.6087888
село Дульдурга;Забайкальский край;6869;50.6727882;113.578406
село Калинино;Республика Хакасия;6867;53.759382;91.4003121
посёлок Российский;Краснодарский край;6860;45.107502;38.992579
поселок Чири-Юрт;Чеченская Республика;6860;43.0869742;45.7434042
посёлок Караваево;Костромская область;6857;57.7348067;41.0574841
посёлок Светлый;Оренбургская область;6853;50.8224057;60.8562598
пгт Лысые Горы рп;Саратовская область;6852;51.545341;44.8344233
посёлок Еланский;Свердловская область;6851;56.8124336;62.4920217
деревня Говорово;Москва;6846;55.6512384;37.4310508
село Кенделен;Кабардино-Балкарская Республика;6837;43.5940002;43.1756936
село Алнаши;Удмуртская Республика;6837;56.1867583;52.4768237
село Учалы;Республика Башкортостан;6834;54.366471;59.435486
село Таштып;Республика Хакасия;6834;52.7945337;89.8891439
село Старокучергановка;Астраханская область;6833;46.326109;47.9543861
г. Макушино;Курганская область;6827;55.2154325;67.2451665
пгт Новобурейский;Амурская область;6827;49.7986762;129.8735186
село Кунашак;Челябинская область;6822;55.6998228;61.5501531
пгт Нижняя Пойма;Красноярский край;6815;56.1643391;97.2034243
село Долаково;Республика Ингушетия;6813;43.2381538;44.6028659
село Дивноморское;Краснодарский край;6813;44.4997822;38.1372458
станица Первомайская;Чеченская Республика;6812;43.4002524;45.526003
посёлок Дубровка;Брянская область;6793;53.6905051;33.50466
село Бокино;Тамбовская область;6790;52.6384083;41.4606958
село Новолакское;Республика Дагестан;6788;43.1205115;46.4824586
село Черный Яр;Астраханская область;6775;48.0627477;46.1191322
пгт Тевриз рп;Омская область;6769;57.51469;72.4175739
деревня Демихово;Московская область;6760;55.798333;38.880289
село Геджух;Республика Дагестан;6758;42.1262745;48.0653507
село Князе-Волконское;Хабаровский край;6758;48.4689057;135.4546922
село Старый Черек;Кабардино-Балкарская Республика;6738;43.4693076;43.8532384
пгт Чаадаевка рп;Пензенская область;6734;53.1426564;45.918374
г. Севск;Брянская область;6732;52.1483934;34.4917305
село Терекли-Мектеб;Республика Дагестан;6728;44.164062;45.872946
село Уйское;Челябинская область;6728;54.3769571;60.0045606
село Поярково;Амурская область;6726;49.6263972;128.6574886
поселок Таежный;Красноярский край;6717;58.0713151;97.3152464
село Булгаково;Республика Башкортостан;6717;54.49092;55.8871984
населённый пункт Высокий;Мурманская область;6716;68.138176;33.409855
село Карагай;Пермский край;6716;58.2661361;54.9283868
пгт Уральский;Пермский край;6713;57.9411576;55.5559057
пгт Петра Дубрава;Самарская область;6713;53.295168;50.367335
поселок Солонцы;Красноярский край;6712;56.063047;92.8252
г. Верхотурье;Свердловская область;6706;58.8621649;60.8104869
пгт Большое Козино;Нижегородская область;6704;56.4038975;43.709907
станица Курчанская;Краснодарский край;6703;45.2262951;37.55522
село Каратузское;Красноярский край;6701;53.5948144;92.8762979
пгт Шаранга;Нижегородская область;6697;57.1731994;46.5385714
пгт Манас;Республика Дагестан;6696;42.72435;47.6818152
посёлок ЛМС;Москва;6689;55.3136852;37.1854272
станица Мечетинская;Ростовская область;6689;46.7765463;40.4594339
пгт. Шахтерск;Сахалинская область;6687;49.1598518;142.1052001
село Вад;Нижегородская область;6676;55.5314352;44.2091967
